Year,State_name,District_name,State_code,District_code,villages_surveyed,tot_pop,pop_male,pop_female,tot_hh,MAP_KEY,Banking,Education,Health,Infrastructure,MEGA
2019,DAMAN AND DIU,DIU,25,464,4,28812,13656,15156,7320,DIU,,,,,
2019,TAMIL NADU,THE NILGIRIS,33,587,48,367644,179544,188100,109612,NILGIRIS,0.38,0.44,0.62,0.33,0.4425
2019,KERALA,THIRUVANANTHAPURAM,32,565,104,2172538,1033358,1139180,566177,THIRUVANANTHAPURAM,0.38,0.11,0.5,0.38,0.3425
2019,PUDUCHERRY,KARAIKAL,34,598,32,124339,61303,63036,31268,KARAIKAL,0.38,0.56,0.88,0.43,0.5625
2019,KERALA,ERNAKULAM,32,555,120,2135998,1055818,1080180,535391,ERNAKULAM,0.38,0.11,0.62,0.33,0.36
2019,KERALA,ALAPPUZHA,32,554,99,1757630,843932,913698,450381,ALAPPUZHA,0.38,0.11,0.75,0.38,0.405
2019,TAMIL NADU,KANNIYAKUMARI,33,575,128,825615,412873,412742,273030,KANYAKUMARI,0.25,0.44,0.75,0.33,0.4425
2019,KERALA,KOLLAM,32,559,110,2080129,981882,1098247,535783,KOLLAM,0.38,0.22,0.62,0.38,0.4
2019,TAMIL NADU,KARUR,33,576,176,717967,361163,356804,214881,KARUR,0.25,0.44,0.75,0.33,0.4425
2019,KERALA,MALAPPURAM,32,562,123,3393467,1622539,1770928,675915,MALAPPURAM,0.38,0.11,0.75,0.43,0.4175
2019,KERALA,PALAKKAD,32,563,151,2475164,1198565,1276599,561911,PALAKKAD,0.38,0.33,0.75,0.43,0.4725
2019,TAMIL NADU,THENI,33,588,155,632376,319012,313364,219690,THENI,0.25,0.33,0.75,0.38,0.4275
2019,TAMIL NADU,PERAMBALUR,33,581,169,590372,296433,293939,193222,PERAMBALUR,0.38,0.44,0.75,0.24,0.4525
2019,KERALA,KOTTAYAM,32,560,123,1685499,826142,859357,425529,KOTTAYAM,0.38,0.11,0.75,0.38,0.405
2019,KERALA,WAYANAD,32,567,52,692449,340478,351971,161148,WAYANAD,0.38,0.33,0.62,0.38,0.4275
2019,TAMIL NADU,COIMBATORE,33,569,241,1173801,587856,585945,393211,COIMBATORE,0.25,0.56,0.75,0.33,0.4725
2019,KERALA,PATHANAMTHITTA,32,564,75,1036867,486406,550461,321476,PATHANAMTHITTA,0.38,0.22,0.75,0.43,0.445
2019,KERALA,KOZHIKODE,32,561,100,2101475,1000939,1100536,486987,KOZHIKODE,0.38,0.11,0.75,0.43,0.4175
2019,KARNATAKA,UDUPI,29,549,252,1000807,480124,520683,250556,UDUPI,0.38,0.33,0.62,0.43,0.44
2019,MANIPUR,KAKCHING,14,711,55,150172,73803,76369,34355,KAKCHING,0.5,0.67,1,0.52,0.6725
2019,GOA,NORTH GOA,30,551,215,577300,294977,282323,163151,NORTH GOA,0.38,0.44,0.75,0.52,0.5225
2019,DADRA AND NAGAR HAVELI,DADRA AND NAGAR HAVELI,26,465,70,291036,157886,133150,67379,DADRA AND NAGAR HAVELI AND DAMAN AND DIU,,,,,
2019,GUJARAT,ANAND,24,440,362,1622026,849146,772880,392436,ANAND,0.38,0.33,0.62,0.33,0.415
2019,KERALA,KANNUR,32,557,109,1865566,876000,989566,415274,KANNUR,0.38,0.22,0.75,0.38,0.4325
2019,KERALA,IDUKKI,32,556,91,1010835,504481,506354,260505,IDUKKI,0.38,0.33,0.75,0.43,0.4725
2019,PUDUCHERRY,PONDICHERRY,34,600,97,407209,199255,207954,100481,PUDUCHERRY,0.38,0.33,0.75,0.48,0.485
2019,TELANGANA,WARANGAL URBAN,36,686,133,291564,143755,147809,81742,WARANGAL (URBAN),0.5,0.67,0.88,0.48,0.6325
2019,DAMAN AND DIU,DAMAN,25,463,28,159580,101192,58388,19098,DAMAN,,,,,
2019,GUJARAT,BOTAD,24,676,191,494255,254182,240073,99923,BOTAD,0.38,0.67,0.62,0.24,0.4775
2019,ANDAMAN AND NICOBAR ISLANDS,SOUTH ANDAMANS,35,602,72,107668,55689,51979,25856,SOUTH ANDAMAN,0.62,0.56,0.88,0.48,0.635
2019,TAMIL NADU,DINDIGUL,33,572,389,1710124,857420,852704,537948,DINDIGUL,0.25,0.56,0.75,0.33,0.4725
2019,KERALA,KASARAGOD,32,558,124,1142536,550275,592261,239570,KASARAGOD,0.38,0.33,0.62,0.48,0.4525
2019,GUJARAT,PORBANDAR,24,456,143,297023,153808,143215,64428,PORBANDAR,0.5,0.56,0.75,0.33,0.535
2019,TELANGANA,MEDCHAL MALKAJGIRI,36,700,102,206221,106033,100188,53660,MEDCHAL,0.5,0.67,0.88,0.43,0.62
2019,TAMIL NADU,NAMAKKAL,33,580,422,1145511,579065,566446,359105,NAMAKKAL,0.38,0.67,0.88,0.33,0.565
2019,MIZORAM,KOLASIB,15,263,52,97223,48292,48931,20526,KOLASIB,0.5,0.44,0.88,0.52,0.585
2019,GUJARAT,SURAT,24,459,720,1507195,795851,711344,420250,SURAT,0.25,0.67,0.62,0.29,0.4575
2019,TAMIL NADU,Ariyalur,33,610,248,815003,409612,405391,254696,ARIYALUR,0.38,0.33,0.88,0.33,0.48
2019,HARYANA,CHARKI DADRI,6,701,181,585308,318293,267015,111151,CHARKHI DADRI,0.62,0.56,0.88,0.52,0.645
2019,TAMIL NADU,ERODE,33,573,319,1292507,655642,636865,525581,ERODE,0.38,0.56,0.75,0.33,0.505
2019,MIZORAM,SERCHHIP,15,268,52,81972,40601,41371,15547,SERCHHIP,0.5,0.44,0.88,0.67,0.6225
2019,BIHAR,KHAGARIA,10,202,309,2126460,1149572,976888,425947,KHAGARIA,0.38,0.67,1,0.57,0.655
2019,GUJARAT,DEVBHUMI DWARKA,24,674,248,549790,283762,266028,108992,DEVBHOOMI DWARKA,0.5,0.56,0.62,0.29,0.4925
2019,SIKKIM,NORTH DISTRICT,11,226,65,44977,24606,20371,9688,NORTH GOA,0.62,0.56,0.88,0.57,0.6575
2019,GUJARAT,NAVSARI,24,453,407,1100136,556590,543546,307040,NAVSARI,0.38,0.56,0.62,0.29,0.4625
2019,GUJARAT,SABAR KANTHA,24,458,719,1307457,675931,631526,319026,SABARKANTHA,0.25,0.56,0.75,0.33,0.4725
2019,GUJARAT,GIR SOMNATH,24,675,342,891580,454172,437408,160321,GIR SOMNATH,0.62,0.67,0.75,0.29,0.5825
2019,ANDAMAN AND NICOBAR ISLANDS,NICOBARS,35,603,7,7053,3633,3420,1893,NICOBAR,0.75,0.33,0.88,0.57,0.6325
2019,UTTAR PRADESH,GAUTAM BUDDHA NAGAR,9,144,106,268862,145394,123468,45070,GAUTAM BUDDH NAGAR,0.75,0.78,1,0.57,0.775
2019,SIKKIM,EAST DISTRICT,11,225,121,164232,84283,79949,35365,,0.75,0.67,0.88,0.67,0.7425
2019,PUNJAB,MANSA,3,37,249,619237,328785,290452,119846,MANSA,0.5,0.56,0.75,0.57,0.595
2019,TAMIL NADU,TIRUNELVELI,33,592,531,2154466,1058984,1095482,673781,TIRUNELVELI,0.38,0.56,0.88,0.33,0.5375
2019,GUJARAT,PATAN,24,455,524,1098363,569160,529203,256891,PATAN,0.5,0.56,0.62,0.24,0.48
2019,TAMIL NADU,TIRUPPUR,33,634,297,1246752,624137,622615,423581,TIRUPUR,0.38,0.67,0.75,0.33,0.5325
2019,PUNJAB,BARNALA,3,605,205,493765,267915,225850,93876,BARNALA,0.62,0.67,0.88,0.57,0.685
2019,MAHARASHTRA,KOLHAPUR,27,480,1219,2859001,1469783,1389218,675539,KOLHAPUR,0.5,0.56,1,0.43,0.6225
2019,GUJARAT,MORBI,24,673,365,710186,366704,343482,157417,MORBI,0.38,0.56,0.62,0.24,0.45
2019,GUJARAT,RAJKOT,24,457,605,1329715,692819,636896,288506,RAJKOT,0.5,0.56,0.62,0.33,0.5025
2019,WEST BENGAL,Alipurduar,19,664,353,1639470,844647,794823,360123,ALIPURDUAR,0.5,0.56,0.88,0.62,0.64
2019,HARYANA,FARIDABAD,6,60,154,526208,278849,247359,101512,FARIDABAD,0.5,0.67,0.88,0.48,0.6325
2019,GUJARAT,BHARUCH,24,442,628,1182695,613680,569015,309744,BHARUCH,0.5,0.56,0.75,0.33,0.535
2019,GUJARAT,JAMNAGAR,24,447,426,730344,376388,353956,152913,JAMNAGAR,0.5,0.67,0.62,0.33,0.53
2019,SIKKIM,SOUTH DISTRICT,11,227,144,131683,68099,63584,28633,SOUTH SALMARA-MANKACHAR,0.62,0.44,1,0.57,0.6575
2019,MIZORAM,SAITUAL,15,727,42,60347,30246,30101,11846,SAITUAL,,,,,
2019,MIZORAM,KHAWZAWL,15,728,36,43623,21781,21842,8731,KHAWZAWL,,,,,
2019,GUJARAT,DOHAD,24,445,731,2377984,1208771,1169213,456694,DAHOD,0.25,0.33,0.75,0.33,0.415
2019,BIHAR,ARWAL,10,611,311,707578,372479,335099,128538,ARWAL,0.75,0.78,1,0.71,0.81
2019,SIKKIM,WEST DISTRICT,11,228,126,140350,72175,68175,31935,SOUTH WEST GARO HILLS,0.62,0.44,0.88,0.62,0.64
2019,HARYANA,FATEHABAD,6,61,335,890926,472340,418586,172568,FATEHABAD,0.5,0.44,0.88,0.48,0.575
2019,GUJARAT,NARMADA,24,452,550,549191,281035,268156,147648,NARMADA,0.5,0.78,0.88,0.33,0.6225
2019,GUJARAT,PANCH MAHALS,24,454,631,1462629,753749,708880,338602,PANCHMAHAL,0.25,0.33,0.88,0.24,0.425
2019,UTTARAKHAND,RUDRA PRAYAG,5,54,659,246623,118923,127700,55399,RUDRAPRAYAG,0.75,0.78,1,0.57,0.775
2019,KERALA,THRISSUR,32,566,215,2403764,1140451,1263313,588466,THRISSUR,0.38,0.33,0.62,0.43,0.44
2019,TAMIL NADU,TIRUCHIRAPPALLI,33,591,517,1598581,793856,804725,531048,TIRUCHIRAPPALLI,0.38,0.56,0.88,0.38,0.55
2019,MIZORAM,Hnahthial,15,726,29,33709,16079,17630,6767,HNAHTHIAL,,,,,
2019,MIZORAM,SAIHA,15,267,92,74454,36437,38017,15720,SAIHA,0.75,0.56,0.88,0.67,0.715
2019,HARYANA,ROHTAK,6,73,143,655319,353054,302265,126825,ROHTAK,0.5,0.56,0.88,0.57,0.6275
2019,TAMIL NADU,DHARMAPURI,33,571,511,1457490,748901,708589,437429,DHARMAPURI,0.5,0.44,1,0.29,0.5575
2019,MANIPUR,BISHNUPUR,14,252,91,198629,97636,100993,49485,BISHNUPUR,0.75,0.78,1,0.57,0.775
2019,MANIPUR,JIRIBAM,14,713,76,50857,26497,24360,9048,JIRIBAM,0.75,0.89,1,0.67,0.8275
2019,UTTAR PRADESH,GHAZIABAD,9,145,196,816946,440105,376841,134743,GHAZIABAD,0.75,0.67,0.88,0.62,0.73
2019,TAMIL NADU,KRISHNAGIRI,33,577,718,1984371,1018939,965432,525577,KRISHNAGIRI,0.5,0.56,1,0.38,0.61
2019,GUJARAT,TAPI,24,641,387,602723,301951,300772,149301,TAPI,0.5,0.67,0.75,0.33,0.5625
2019,MIZORAM,LUNGLEI,15,265,130,149533,74763,74770,30936,LUNGLEI,0.62,0.44,0.88,0.62,0.64
2019,TAMIL NADU,MADURAI,33,578,638,1603234,804743,798491,556005,MADURAI,0.5,0.67,1,0.38,0.6375
2019,TELANGANA,RAJANNA SIRCILLA,36,683,263,424962,211284,213678,126255,RAJANNA SIRCILLA,0.5,0.67,1,0.52,0.6725
2019,RAJASTHAN,SIROHI,8,115,502,1015674,530862,484812,215663,SIROHI,0.75,0.67,1,0.52,0.735
2019,NAGALAND,MOKOKCHUNG,13,246,85,161258,82297,78961,34901,MOKOKCHUNG,0.62,0.56,0.88,0.67,0.6825
2019,MANIPUR,IMPHAL WEST,14,256,150,304390,150128,154262,68118,IMPHAL WEST,0.75,0.56,1,0.62,0.7325
2019,MANIPUR,THOUBAL,14,259,92,218760,105720,113040,46362,THOUBAL,0.75,0.67,1,0.62,0.76
2019,TELANGANA,SURYAPET,36,696,502,860952,432543,428409,246152,SURYAPET,0.62,0.67,0.88,0.48,0.6625
2019,MAHARASHTRA,SANGLI,27,493,726,2079137,1080727,998410,469135,SANGLI,0.38,0.56,1,0.33,0.5675
2019,GUJARAT,Mahisagar,24,669,723,1046429,542190,504239,244143,MAHISAGAR,0.5,0.33,0.62,0.29,0.435
2019,GUJARAT,GANDHINAGAR,24,446,303,1020128,533410,486718,257575,GANDHINAGAR,0.38,0.33,0.62,0.24,0.3925
2019,GUJARAT,KHEDA,24,450,565,1781903,931015,850888,414904,KHEDA,0.25,0.56,0.62,0.29,0.43
2019,BIHAR,MADHEPURA,10,205,482,2433174,1303694,1129480,501570,MADHEPURA,0.5,0.67,1,0.52,0.6725
2019,NAGALAND,LONGLENG,13,615,41,82931,42496,40435,18640,LONGLENG,0.88,0.67,1,0.67,0.805
2019,TAMIL NADU,NAGAPATTINAM,33,579,507,1442874,713747,729127,407035,NAGAPATTINAM,0.5,0.67,1,0.38,0.6375
2019,GUJARAT,VADODARA,24,461,677,1343596,703111,640485,327114,VADODARA,0.5,0.78,0.62,0.33,0.5575
2019,TAMIL NADU,CUDDALORE,33,570,873,2069209,1043495,1025714,556446,CUDDALORE,0.5,0.67,1,0.38,0.6375
2019,TAMIL NADU,THIRUVARUR,33,590,554,1125179,565236,559943,359079,TIRUVARUR,0.5,0.67,1,0.33,0.625
2019,PUNJAB,SRI MUKTSAR SAHIB,3,39,274,840643,445750,394893,148434,SRI MUKTSAR SAHIB,0.62,0.56,0.88,0.57,0.6575
2019,ANDAMAN AND NICOBAR ISLANDS,NORTH AND MIDDLE ANDAMAN,35,632,103,100237,51464,48773,26687,NORTH AND MIDDLE ANDAMAN,0.62,0.56,0.75,0.57,0.625
2019,MEGHALAYA,WEST JAINTIA HILLS,17,275,286,342954,167292,175662,54020,WEST JAINTIA HILLS,0.75,0.67,1,0.67,0.7725
2019,PUNJAB,MOGA,3,38,371,803351,424174,379177,155376,MOGA,0.5,0.67,0.88,0.57,0.655
2019,TAMIL NADU,TUTICORIN,33,594,476,1081179,535167,546012,379589,THOOTHUKUDI,0.5,0.67,0.88,0.38,0.6075
2019,GOA,SOUTH GOA,30,552,188,595897,302286,293611,160760,SOUTH GOA,0.38,0.56,0.88,0.52,0.585
2019,TELANGANA,PEDDAPALLI,36,682,303,552633,277401,275232,151026,PEDDAPALLI,0.62,0.67,1,0.43,0.68
2019,MIZORAM,AIZAWL,15,261,68,109994,54620,55374,24732,AIZAWL,0.62,0.44,0.88,0.62,0.64
2019,MIZORAM,CHAMPHAI,15,262,60,94833,47554,47279,18311,CHAMPHAI,0.62,0.44,0.88,0.62,0.64
2019,ASSAM,KAMRUP METRO,18,618,216,270297,139127,131170,63225,KAMRUP METROPOLITAN,0.75,0.78,1,0.76,0.8225
2019,ARUNACHAL PRADESH,LOWER SUBANSIRI,12,236,72,15946,7930,8016,2395,LOWER SUBANSIRI,0.88,0.89,1,0.86,0.9075
2019,ARUNACHAL PRADESH,UPPER SIANG,12,240,77,25454,13280,12174,3967,UPPER SIANG,0.88,0.89,0.88,0.81,0.865
2019,TELANGANA,JOGULAMBA GADWAL,36,695,290,498967,251740,247227,119940,JOGULAMBA GADWAL,0.62,0.78,1,0.48,0.72
2019,TAMIL NADU,RAMANATHAPURAM,33,583,512,1349520,671656,677864,408345,RAMANATHAPURAM,0.5,0.67,1,0.38,0.6375
2019,GUJARAT,AHMADABAD,24,438,494,1197994,628768,569226,282502,AHMEDABAD,0.25,0.44,0.62,0.29,0.4
2019,WEST BENGAL,HOWRAH,19,313,816,3916298,2049096,1867202,841091,HOWRAH,0.5,0.67,0.88,0.57,0.655
2019,ASSAM,NALBARI,18,298,465,865049,447188,417861,175066,NALBARI,0.62,0.78,1,0.71,0.7775
2019,NAGALAND,KIPHIRE,13,614,91,91171,47083,44088,18133,KIPHIRE,0.75,0.67,1,0.76,0.795
2019,GUJARAT,ARVALLI,24,672,682,1040050,541148,498902,261107,ARAVALLI,0.5,0.78,0.88,0.29,0.6125
2019,TELANGANA,WARANGAL RURAL,36,522,419,648269,325840,322429,181760,WARANGAL (RURAL),0.62,0.67,1,0.48,0.6925
2019,BIHAR,SHEOHAR,10,220,193,755348,402972,352376,174282,SHEOHAR,0.5,0.78,1,0.48,0.69
2019,MAHARASHTRA,LATUR,27,481,946,1933546,1014908,918638,382151,LATUR,0.62,0.67,1,0.48,0.6925
2019,MEGHALAYA,SOUTH WEST KHASI HILLS,17,658,285,124276,61026,63250,21736,SOUTH WEST KHASI HILLS,0.88,0.67,1,0.71,0.815
2019,ARUNACHAL PRADESH,LEPARADA,12,724,79,33584,16914,16670,5535,LEDA RADA,0.88,0.78,1,0.76,0.855
2019,GUJARAT,MAHESANA,24,451,664,1707063,887456,819607,411297,MEHSANA,0.38,0.44,0.62,0.29,0.4325
2019,JAMMU AND KASHMIR,SRINAGAR,1,13,25,63548,33089,30459,10570,SRINAGAR,0.62,0.67,0.88,0.62,0.6975
2019,WEST BENGAL,JALPAIGURI,19,314,452,2466475,1270610,1195865,508819,JALPAIGURI,0.5,0.67,0.88,0.62,0.6675
2019,TAMIL NADU,VIRUDHUNAGAR,33,597,722,1426916,708653,718263,514114,VIRUDHUNAGAR,0.62,0.67,1,0.43,0.68
2019,KARNATAKA,DAKSHINA KANNADA,29,534,373,1404828,701964,702864,338907,DAKSHINA KANNADA,0.38,0.33,0.88,0.43,0.505
2019,GUJARAT,DANG,24,444,310,292075,146510,145565,52283,DANG,0.88,0.89,1,0.62,0.8475
2019,NAGALAND,DIMAPUR,13,244,208,306073,154649,151424,68972,DIMAPUR,0.75,0.67,1,0.71,0.7825
2019,PUNJAB,FARIDKOT,3,29,264,542203,289278,252925,100776,FARIDKOT,0.75,0.56,1,0.57,0.72
2019,MANIPUR,IMPHAL EAST,14,255,212,428553,205632,222921,93488,IMPHAL EAST,0.75,0.78,1,0.71,0.81
2019,MAHARASHTRA,BHANDARA,27,471,873,1035634,527019,508615,288589,BHANDARA,0.62,0.78,1,0.48,0.72
2019,TELANGANA,Jagitial,36,681,402,787580,385837,401743,212097,JAGTIAL,0.5,0.67,1,0.48,0.6625
2019,MIZORAM,MAMIT,15,266,98,107612,54713,52899,21923,MAMIT,0.75,0.44,0.88,0.71,0.695
2019,PUNJAB,BATHINDA,3,28,319,873035,458929,414106,162712,BATHINDA,0.62,0.44,0.88,0.52,0.615
2019,MEGHALAYA,EAST JAINTIA HILLS,17,657,161,166298,80843,85455,27870,EAST JAINTIA HILLS,0.75,0.67,1,0.76,0.795
2019,ASSAM,HOJAI,18,709,399,921325,477589,443736,181199,HOJAI,0.75,0.78,1,0.76,0.8225
2019,GUJARAT,SURENDRANAGAR,24,460,563,1204555,628899,575656,261037,SURENDRANAGAR,0.38,0.44,0.5,0.29,0.4025
2019,NAGALAND,KOHIMA,13,245,96,193912,96584,97328,36458,KOHIMA,0.75,0.67,1,0.76,0.795
2019,PUNJAB,SANGRUR,3,43,592,1322606,711780,610826,244945,SANGRUR,0.38,0.56,0.88,0.48,0.575
2019,ASSAM,SIVASAGAR,18,300,534,693207,356938,336269,155925,SIVASAGAR,0.75,0.78,1,0.76,0.8225
2019,ASSAM,SOUTH SALMARA MANCACHAR,18,707,176,628317,331130,297187,117129,SOUTH SALMARA-MANKACHAR,0.88,0.78,1,0.71,0.8425
2019,TRIPURA,Unakoti,16,655,140,316162,159728,156434,73904,UNA,,,,,
2019,GUJARAT,AMRELI,24,439,623,1137634,579966,557668,258634,AMRELI,0.5,0.56,0.62,0.29,0.4925
2019,GUJARAT,BHAVNAGAR,24,443,695,1493752,767191,726561,280375,BHAVNAGAR,0.5,0.67,0.62,0.29,0.52
2019,MAHARASHTRA,SOLAPUR,27,496,1157,3062109,1608294,1453815,642757,SOLAPUR,0.5,0.56,1,0.48,0.635
2019,MADHYA PRADESH,MANDSAUR,23,416,914,1213213,627169,586044,282715,MANDSAUR,0.75,0.78,1,0.43,0.74
2019,TELANGANA,KARIMNAGAR,36,508,321,629488,315793,313695,174318,KARIMNAGAR,0.62,0.67,1,0.52,0.7025
2019,TELANGANA,MAHABUBNAGAR,36,512,521,724149,364943,359206,160567,MAHBUBNAGAR,0.75,0.89,1,0.52,0.79
2019,UTTAR PRADESH,HAPUR,9,661,349,1166410,627019,539391,193128,HAPUR,0.75,0.78,1,0.52,0.7625
2019,HARYANA,BHIWANI,6,59,370,1376902,726005,650897,269419,BHIWANI,0.62,0.44,0.88,0.48,0.605
2019,TELANGANA,JANGOAN,36,689,292,496578,249155,247423,133441,JANGAON,0.62,0.67,0.88,0.62,0.6975
2019,NAGALAND,WOKHA,13,250,133,134162,68549,65613,27403,WOKHA,0.88,0.78,1,0.71,0.8425
2019,ASSAM,GOALPARA,18,287,838,1146505,588074,558431,224862,GOALPARA,0.75,0.78,1,0.71,0.81
2019,TRIPURA,West Tripura,16,272,199,576628,288219,288409,136708,WEST TRIPURA,0.5,0.56,0.75,0.52,0.5825
2019,ASSAM,BAKSA,18,616,680,1074212,553695,520517,224770,BAKSA,0.75,0.78,1,0.71,0.81
2019,NAGALAND,MON,13,247,114,266125,138523,127602,39061,MON,0.88,0.67,0.88,0.76,0.7975
2019,NAGALAND,ZUNHEBOTO,13,251,169,155409,77115,78294,35649,ZUNHEBOTO,0.88,0.78,1,0.76,0.855
2019,TAMIL NADU,SALEM,33,584,633,2069017,1074649,994368,667489,SALEM,0.5,0.56,0.88,0.33,0.5675
2019,TAMIL NADU,THANJAVUR,33,586,843,1886984,940315,946669,624650,THANJAVUR,0.5,0.67,1,0.43,0.65
2019,TELANGANA,ADILABAD,36,501,575,600280,302111,298169,143879,ADILABAD,0.75,0.89,1,0.57,0.8025
2019,HARYANA,PANIPAT,6,71,199,885802,474676,411126,160355,PANIPAT,0.5,0.44,0.88,0.43,0.5625
2019,BIHAR,SHEIKHPURA,10,219,315,623624,331140,292484,106618,SHEIKHPURA,0.88,0.78,1,0.67,0.8325
2019,MAHARASHTRA,AURANGABAD,27,469,1364,2617149,1396840,1220309,519812,AURANGABAD,0.62,0.78,1,0.48,0.72
2019,ARUNACHAL PRADESH,WEST SIANG,12,243,146,56383,27871,28512,6103,WEST SIANG,0.88,0.89,1,0.81,0.895
2019,ASSAM,CHARAIDEO,18,708,322,438258,225947,212311,99960,CHARAIDEO,0.88,0.78,1,0.81,0.8675
2019,ASSAM,DARRANG,18,283,514,961723,495734,465989,201454,DARRANG,0.75,0.89,1,0.76,0.85
2019,TELANGANA,JAYASHANKAR BHUPALAPALLY,36,687,305,390268,195803,194465,111240,JAYASHANKAR BHUPALPALLY,0.75,0.78,1,0.57,0.775
2019,TRIPURA,Sepahijala,16,653,220,517932,262728,255204,116585,SEPAHIJALA,0.5,0.44,0.75,0.57,0.565
2019,CHHATTISGARH,DANTEWADA,22,376,217,221413,108008,113405,52932,DANTEWADA,0.75,0.78,1,0.57,0.775
2019,UTTARAKHAND,DEHRADUN,5,49,646,699745,369652,330093,120265,DEHRADUN,0.75,0.78,1,0.62,0.7875
2019,TELANGANA,NALGONDA,36,514,894,1396638,709403,687235,375671,NALGONDA,0.62,0.89,1,0.52,0.7575
2019,TELANGANA,SIDDIPET,36,692,524,854092,427063,427029,219297,SIDDIPET,0.62,0.67,1,0.48,0.6925
2019,TELANGANA,WANAPARTHY,36,693,313,490307,250413,239894,104822,WANAPARTHY,0.62,0.89,1,0.48,0.7475
2019,PUNJAB,LUDHIANA,3,36,1015,1778047,940093,837954,368939,LUDHIANA,0.38,0.56,1,0.62,0.64
2019,UTTARAKHAND,HARIDWAR,5,50,574,1593772,847423,746349,276714,HARIDWAR,0.75,0.78,1,0.57,0.775
2019,MIZORAM,LAWNGTLAI,15,264,179,151890,76688,75202,33946,LAWNGTLAI,0.88,0.67,1,0.71,0.815
2019,MANIPUR,NONEY,14,714,73,60936,30467,30469,11250,NONEY,0.88,0.89,1,0.86,0.9075
2019,GUJARAT,CHHOTAUDEPUR,24,668,891,1158990,596959,562031,264803,CHHOTA UDAIPUR,0.5,0.78,0.62,0.29,0.5475
2019,MADHYA PRADESH,INDORE,23,410,616,963734,498784,464950,200289,INDORE,0.88,0.78,1,0.48,0.785
2019,MAHARASHTRA,DHULE,27,474,674,1546748,805721,741027,342101,DHULE,0.5,0.67,1,0.48,0.6625
2019,PUNJAB,FAZILKA,3,651,479,965357,509411,455946,177863,FAZILKA,0.88,0.78,1,0.48,0.785
2019,UTTARAKHAND,UTTAR KASHI,5,57,666,339164,173716,165448,75179,UTTARKASHI,0.75,0.78,1,0.62,0.7875
2019,WEST BENGAL,PASCHIM BARDHAMAN,19,704,406,1198281,629462,568819,247567,PASCHIM BARDHAMAN,0.75,0.78,0.88,0.62,0.7575
2019,PUNJAB,S.A.S Nagar,3,608,387,490541,262307,228234,95383,SAHIBZADA AJIT SINGH NAGAR,0.75,0.67,1,0.57,0.7475
2019,MANIPUR,KAMJONG,14,717,131,65832,33214,32618,14022,KAMJONG,0.88,0.78,1,0.86,0.88
2019,MAHARASHTRA,PUNE,27,490,1897,4343500,2290978,2052522,1016109,PUNE,0.5,0.67,0.88,0.38,0.6075
2019,MAHARASHTRA,RATNAGIRI,27,492,1542,1439233,683968,755265,432495,RATNAGIRI,0.5,0.78,1,0.48,0.69
2019,CHHATTISGARH,DHAMTARI,22,377,624,696512,348514,347998,159249,DHAMTARI,0.75,0.56,1,0.43,0.685
2019,ARUNACHAL PRADESH,WEST KAMENG,12,242,284,73747,38186,35561,15241,WEST KAMENG,0.88,0.89,1,0.76,0.8825
2019,MANIPUR,UKHRUL,14,260,92,169596,87855,81741,35408,UKHRUL,0.88,0.67,1,0.71,0.815
2019,ARUNACHAL PRADESH,LONGDING,12,666,77,75628,37653,37975,10301,LONGDING,0.88,0.89,1,0.86,0.9075
2019,ARUNACHAL PRADESH,SIANG,12,679,37,15109,7960,7149,2036,SIANG,0.88,0.89,0.88,0.81,0.865
2019,TAMIL NADU,THIRUVALLUR,33,589,738,2073722,1030245,1043477,579543,TIRUVALLUR,0.62,0.67,1,0.33,0.655
2019,MADHYA PRADESH,JABALPUR,23,411,1374,1165117,609165,555952,294104,JABALPUR,0.88,0.78,1,0.52,0.795
2019,HARYANA,GURUGRAM,6,62,250,610393,325722,284671,103811,GURUGRAM,0.62,0.67,0.88,0.43,0.65
2019,WEST BENGAL,DARJEELING,19,309,344,774674,392256,382418,162093,DARJEELING,0.88,0.89,1,0.76,0.8825
2019,WEST BENGAL,24 PARAGANAS NORTH,19,303,1590,5873031,3063973,2809058,1344284,NORTH 24 PARGANAS,0.5,0.78,0.88,0.62,0.695
2019,TELANGANA,Narayanpet,36,721,350,540924,271113,269811,116882,NARAYANPET,0.75,0.78,1,0.57,0.775
2019,MADHYA PRADESH,Niwari,23,722,255,386920,207787,179133,81696,NIWARI,0.88,0.78,1,0.62,0.82
2019,MAHARASHTRA,GONDIA,27,476,933,1140689,576156,564533,291155,GONDIA,0.62,0.78,1,0.48,0.72
2019,ASSAM,MAJULI,18,706,233,199487,102941,96546,39247,MAJULI,0.88,0.67,1,0.81,0.84
2019,UTTAR PRADESH,HAMIRPUR,9,149,482,1132390,607682,524708,210872,HAMIRPUR,0.75,0.78,0.88,0.52,0.7325
2019,MANIPUR,TAMENGLONG,14,258,141,100808,50713,50095,18405,TAMENGLONG,0.88,0.89,1,0.9,0.9175
2019,TELANGANA,SANGAREDDY,36,691,767,1138275,577104,561171,265222,SANGAREDDY,0.62,0.78,1,0.48,0.72
2019,TELANGANA,RANGA REDDY,36,518,765,1096596,562914,533682,276979,RANGA REDDY,0.75,0.78,0.88,0.57,0.745
2019,HARYANA,JHAJJAR,6,64,277,986893,534410,452483,203415,JHAJJAR,0.38,0.44,0.88,0.52,0.555
2019,ARUNACHAL PRADESH,UPPER SUBANSIRI,12,241,478,84848,43572,41276,15489,UPPER SUBANSIRI,1,0.89,1,0.9,0.9475
2019,CHHATTISGARH,SURAJPUR,22,648,547,791647,400518,391129,183788,SURAJPUR,0.88,0.78,1,0.48,0.785
2019,MAHARASHTRA,SINDHUDURG,27,495,769,752016,372362,379654,220316,SINDHUDURG,0.62,0.78,1,0.52,0.73
2019,UTTARAKHAND,UDAM SINGH NAGAR,5,56,613,1017222,525319,491903,200260,UDHAM SINGH NAGAR,0.75,0.78,1,0.62,0.7875
2019,BIHAR,SAHARSA,10,216,475,2079538,1128837,950701,431588,SAHARSA,0.62,0.78,1,0.67,0.7675
2019,TELANGANA,MANCHERIAL,36,684,519,536109,270181,265928,148809,MANCHERIAL,0.75,0.78,1,0.48,0.7525
2019,HIMACHAL PRADESH,KULLU,2,20,452,470110,238958,231152,118012,KULLU,0.5,0.78,0.88,0.52,0.67
2019,NAGALAND,PHEK,13,248,96,158311,80275,78036,36690,PHEK,0.88,0.56,0.88,0.81,0.7825
2019,ASSAM,DIMA HASAO,18,299,674,165573,83555,82018,32307,DIMA HASAO,0.88,0.89,1,0.86,0.9075
2019,NAGALAND,PEREN,13,613,84,98207,49558,48649,22217,PEREN,0.88,0.67,1,0.81,0.84
2019,HARYANA,HISAR,6,63,317,1481535,791787,689748,294493,HISSAR,0.5,0.56,0.75,0.33,0.535
2019,GUJARAT,BANAS KANTHA,24,441,1276,3170473,1654037,1516436,621194,BANASKANTHA,0.5,0.67,0.62,0.29,0.52
2019,PUNJAB,Shahid Bhagat Singh Nagar,3,40,520,551330,284888,266442,112575,SHAHID BHAGAT SINGH NAGAR,0.5,0.67,1,0.48,0.6625
2019,ARUNACHAL PRADESH,SHI YOMI,12,725,113,17048,8329,8719,3270,SHI YOMI,1,1,1,0.81,0.9525
2019,UTTARAKHAND,NAINITAL,5,51,1025,485368,248741,236627,95174,NAINITAL,0.75,0.78,1,0.67,0.8
2019,LADAKH,LEH LADAKH,37,9,129,102815,52074,50741,18498,LEH,0.62,0.78,0.75,0.71,0.715
2019,CHHATTISGARH,RAIPUR,22,387,485,978174,491454,486720,214853,RAIPUR,0.88,0.44,1,0.48,0.7
2019,BIHAR,SUPAUL,10,223,571,3128556,1642678,1485878,609732,SUPAUL,0.62,0.78,1,0.52,0.73
2019,CHHATTISGARH,DURG,22,378,387,679922,341247,338675,148999,DURG,0.75,0.44,1,0.43,0.655
2019,TELANGANA,MEDAK,36,513,565,733713,364168,369545,170119,MEDAK,0.75,0.78,1,0.52,0.7625
2019,TELANGANA,KHAMMAM,36,509,626,1064561,532687,531874,304509,KHAMMAM,0.5,0.67,1,0.52,0.6725
2019,ASSAM,UDALGURI,18,617,781,884554,448009,436545,191985,UDALGURI,0.88,0.89,1,0.76,0.8825
2019,ARUNACHAL PRADESH,PAKKE KESSANG,12,723,77,13634,6528,7106,2879,PAKKE KESSANG,0.88,0.89,1,0.76,0.8825
2019,ARUNACHAL PRADESH,LOHIT,12,234,102,25595,13204,12391,5543,LOHIT,0.88,0.89,1,0.9,0.9175
2019,PUNJAB,FATEHGARH SAHIB,3,30,447,428926,227962,200964,81788,FATEHGARH SAHIB,0.88,0.67,1,0.52,0.7675
2019,GUJARAT,JUNAGADH,24,448,506,962878,497139,465739,201518,JUNAGADH,0.62,0.44,0.62,0.29,0.4925
2019,WEST BENGAL,NADIA,19,320,1327,5092716,2654966,2437750,1184283,NADIA,0.5,0.67,0.88,0.62,0.6675
2019,HARYANA,SIRSA,6,74,375,1156872,606212,550660,212019,SIRSA,0.62,0.56,0.75,0.33,0.565
2019,HARYANA,MAHENDRAGARH,6,69,382,967378,518668,448710,191400,MAHENDRAGARH,0.62,0.67,0.88,0.43,0.65
2019,ODISHA,BOUDH,21,349,1187,423758,213799,209959,103673,BOUDH,0.5,0.44,0.88,0.43,0.5625
2019,BIHAR,SAMASTIPUR,10,217,1220,4952732,2610928,2341804,1011891,SAMASTIPUR,0.62,0.78,1,0.62,0.755
2019,KARNATAKA,VIJAYAPURA,29,530,672,1966316,1047072,919244,416272,VIJAYAPURA,0.5,0.56,1,0.62,0.67
2019,RAJASTHAN,PALI,8,111,1035,1757659,894020,863639,421003,PALI,0.62,0.56,0.88,0.57,0.6575
2019,ANDHRA PRADESH,PRAKASAM,28,517,1357,3135575,1598870,1536705,848410,PRAKASAM,0.62,0.78,1,0.57,0.7425
2019,GUJARAT,VALSAD,24,462,470,1538580,790435,748145,388345,VALSAD,0.5,0.44,0.88,0.38,0.55
2019,ANDHRA PRADESH,KURNOOL,28,511,1047,3229457,1641553,1587904,780582,KURNOOL,0.5,0.67,0.88,0.52,0.6425
2019,NAGALAND,TUENSANG,13,249,117,201123,103857,97266,35209,TUENSANG,0.88,0.67,0.88,0.76,0.7975
2019,TRIPURA,Dhalai,16,269,231,451595,228271,223324,114177,DHALAI,0.62,0.67,0.88,0.62,0.6975
2019,ASSAM,BARPETA,18,280,851,1954086,1018228,935858,406310,BARPETA,0.75,0.78,0.88,0.76,0.7925
2019,ANDHRA PRADESH,KRISHNA,28,510,1131,3140855,1585885,1554970,934158,KRISHNA,0.38,0.67,0.75,0.52,0.58
2019,TAMIL NADU,VELLORE,33,595,983,2809905,1408765,1401140,768309,VELLORE,0.62,0.56,1,0.33,0.6275
2019,UTTAR PRADESH,SHAMLI,9,660,319,1077454,582082,495372,193267,SHAMLI,0.75,0.78,1,0.57,0.775
2019,HARYANA,SONIPAT,6,75,357,1290707,697568,593139,237587,SONIPAT,0.62,0.44,0.88,0.48,0.605
2019,ASSAM,HAILAKANDI,18,289,352,734494,383710,350784,148798,HAILAKANDI,0.88,0.78,0.75,0.67,0.77
2019,KARNATAKA,DHARWAD,29,536,355,981657,513024,468633,218994,DHARWAD,0.5,0.56,1,0.57,0.6575
2019,GUJARAT,KACHCHH,24,449,970,1688861,894051,794810,399318,KUTCH,0.5,0.56,0.62,0.29,0.4925
2019,MAHARASHTRA,JALGAON,27,478,1519,3031154,1597495,1433659,738280,JALGAON,0.5,0.78,1,0.48,0.69
2019,BIHAR,BEGUSARAI,10,191,1071,3238867,1743445,1495422,659768,BEGUSARAI,0.75,0.78,1,0.67,0.8
2019,BIHAR,GOPALGANJ,10,197,1538,2864221,1448087,1416134,457446,GOPALGANJ,0.75,0.78,1,0.67,0.8
2019,BIHAR,JEHANABAD,10,199,583,1200110,643118,556992,216948,JEHANABAD,0.75,0.78,1,0.67,0.8
2019,BIHAR,PASHCHIM CHAMPARAN,10,211,1502,4569237,2431486,2137751,826781,EAST CHAMPARAN,0.75,0.78,1,0.67,0.8
2019,ASSAM,BONGAIGAON,18,281,530,693658,357025,336633,141423,BONGAIGAON,0.88,0.78,1,0.76,0.855
2019,TELANGANA,MAHABUBABAD,36,688,559,714825,359611,355214,191564,MAHABUBABAD,0.62,0.89,1,0.52,0.7575
2019,MADHYA PRADESH,HARDA,23,408,548,490488,256694,233794,102604,HARDA,0.88,0.78,1,0.52,0.795
2019,UTTARAKHAND,CHAMPAWAT,5,48,684,252702,129940,122762,53001,CHAMPAWAT,0.75,0.89,1,0.67,0.8275
2019,MAHARASHTRA,SATARA,27,494,1778,2647792,1347142,1300650,665949,SATARA,0.5,0.78,1,0.48,0.69
2019,ASSAM,KAMRUP,18,291,1089,1776631,927131,849500,391848,KAMRUP,0.88,0.67,1,0.76,0.8275
2019,ASSAM,Biswanath,18,705,939,951347,494242,457105,178702,BISHWANATH,0.88,0.89,1,0.76,0.8825
2019,ARUNACHAL PRADESH,LOWER SIANG,12,719,114,29687,14980,14707,4398,LOWER SIANG,0.88,0.89,1,0.76,0.8825
2019,ASSAM,JORHAT,18,290,605,960194,497305,462889,219341,JORHAT,0.75,0.78,1,0.71,0.81
2019,MADHYA PRADESH,BURHANPUR,23,397,265,591718,309651,282067,116486,BURHANPUR,0.88,0.78,1,0.38,0.76
2019,CHHATTISGARH,SURGUJA,22,389,570,787347,388404,398943,193415,SURGUJA,0.88,0.67,1,0.52,0.7675
2019,MAHARASHTRA,JALNA,27,479,957,1669636,876904,792732,332933,JALNA,0.88,0.78,1,0.62,0.82
2019,TRIPURA,North Tripura,16,270,188,436794,219473,217321,99017,NORTH TRIPURA,0.75,0.56,0.88,0.52,0.6775
2019,TELANGANA,VIKARABAD,36,698,826,1019964,512011,507953,234902,VIKARABAD,0.75,0.78,1,0.57,0.775
2019,JAMMU AND KASHMIR,RAMBAN,1,621,179,352482,188868,163614,69789,RAMBAN,0.88,0.67,1,0.76,0.8275
2019,KARNATAKA,YADGIR,29,635,507,1166889,611175,555714,265870,YADGIR,0.75,0.78,1,0.76,0.8225
2019,UTTAR PRADESH,BAGHPAT,9,124,308,1090537,587558,502979,176572,BAGPAT,0.62,0.78,0.88,0.57,0.7125
2019,CHHATTISGARH,BASTAR,22,374,588,720799,355557,365242,169264,BASTAR,0.75,0.78,1,0.57,0.775
2019,KARNATAKA,GADAG,29,537,332,888081,480766,407315,198048,GADAG,0.62,0.56,1,0.57,0.6875
2019,ARUNACHAL PRADESH,EAST SIANG,12,232,106,62850,31853,30997,10696,EAST SIANG,0.88,0.78,1,0.67,0.8325
2019,MAHARASHTRA,OSMANABAD,27,488,759,1501979,796401,705578,323328,OSMANABAD,0.5,0.67,1,0.52,0.6725
2019,MANIPUR,PHERZAWL,14,715,95,50399,25834,24565,8862,PHERZAWL,1,0.89,1,0.86,0.9375
2019,ASSAM,CHIRANG,18,612,502,502753,256432,246321,111400,CHIRANG,0.75,0.78,1,0.76,0.8225
2019,CHHATTISGARH,GARIYABAND,22,645,697,595775,296686,299089,152355,GARIABAND,0.88,0.78,1,0.57,0.8075
2019,MANIPUR,SENAPATI,14,257,159,360986,186060,174926,58790,SENAPATI,0.88,0.78,1,0.76,0.855
2019,PUNJAB,PATHANKOT,3,662,516,511241,267026,244215,106480,PATHANKOT,0.75,0.89,1,0.62,0.815
2019,HARYANA,KAITHAL,6,66,320,1127481,603477,524004,211090,KAITHAL,0.62,0.56,0.88,0.38,0.61
2019,TAMIL NADU,KANCHIPURAM,33,574,1129,2545051,1281812,1263239,747887,KANCHIPURAM,0.62,0.67,1,0.29,0.645
2019,ANDHRA PRADESH,SPSR NELLORE,28,515,1315,2221255,1124105,1097150,615759,NELLORE,0.62,0.78,1,0.52,0.73
2019,RAJASTHAN,SAWAI MADHOPUR,8,113,823,1344426,717563,626863,305922,SAWAI MADHOPUR,0.88,0.78,1,0.52,0.795
2019,MAHARASHTRA,BEED,27,470,1363,2288399,1213281,1075118,478824,BEED,0.75,0.78,1,0.57,0.775
2019,ASSAM,KARIMGANJ,18,293,918,1324780,693651,631129,272146,KARIMGANJ,0.88,0.89,1,0.71,0.87
2019,UTTAR PRADESH,MEERUT,9,169,645,1886582,1004358,882224,310452,MEERUT,0.62,0.78,1,0.57,0.7425
2019,ARUNACHAL PRADESH,DIBANG VALLEY,12,230,142,5789,2924,2865,1272,LOWER DIBANG VALLEY,1,1,1,0.81,0.9525
2019,MAHARASHTRA,AKOLA,27,467,966,1144083,600246,543837,287857,AKOLA,0.88,0.78,1,0.57,0.8075
2019,ANDHRA PRADESH,WEST GODAVARI,28,523,1137,3488070,1755483,1732587,1021961,WEST GODAVARI,0.62,0.67,0.88,0.43,0.65
2019,MAHARASHTRA,NASHIK,27,487,1943,3677304,1903455,1773849,752349,NASHIK,0.5,0.78,1,0.57,0.7125
2019,TELANGANA,KUMURAM BHEEM ASIFABAD,36,699,660,557835,281306,276529,144915,KOMARAM BHEEM ASIFABAD,0.75,0.89,1,0.67,0.8275
2019,HARYANA,KURUKSHETRA,6,68,469,837854,440232,397622,158875,KURUKSHETRA,0.75,0.78,1,0.43,0.74
2019,TAMIL NADU,SIVAGANGA,33,585,733,1394364,694583,699781,444791,SIVAGANGA,0.62,0.67,1,0.38,0.6675
2019,LADAKH,KARGIL,37,6,125,135222,67441,67781,19049,KARGIL,0.88,0.67,0.75,0.67,0.7425
2019,ODISHA,JHARSUGUDA,21,357,351,366713,186688,180025,87690,JHARSUGUDA,0.88,0.78,1,0.71,0.8425
2019,MANIPUR,KANGPOKPI,14,712,584,225747,111093,114654,40100,KANGPOKPI,0.88,0.78,1,0.71,0.8425
2019,JAMMU AND KASHMIR,BADGAM,1,2,520,805861,420700,385161,111089,BADGAM,0.75,0.56,0.75,0.48,0.635
2019,RAJASTHAN,SIKAR,8,114,1160,2294736,1196169,1098567,437928,SIKAR,0.62,0.56,0.88,0.57,0.6575
2019,ASSAM,MARIGAON,18,296,638,1151910,594268,557642,230060,MORIGAON,0.88,0.78,1,0.76,0.855
2019,MEGHALAYA,NORTH GARO HILLS,17,656,561,194511,96810,97701,37953,NORTH GARO HILLS,0.88,0.78,1,0.71,0.8425
2019,TAMIL NADU,VILLUPURAM,33,596,1507,3288125,1663573,1624552,844323,VILUPPURAM,0.62,0.67,1,0.33,0.655
2019,ARUNACHAL PRADESH,NAMSAI,12,678,121,64084,32994,31090,12909,NAMSAI,0.75,0.67,1,0.71,0.7825
2019,MAHARASHTRA,NANDED,27,485,1584,2625148,1361755,1263393,575511,NANDED,0.75,0.89,1,0.48,0.78
2019,TELANGANA,NIZAMABAD,36,516,590,1187411,556117,631294,305678,NIZAMABAD,0.62,0.67,1,0.57,0.715
2019,BIHAR,PURBI CHAMPARAN,10,213,1433,5241119,2833276,2407843,1030961,CHAMBA,0.75,0.78,1,0.67,0.8
2019,CHHATTISGARH,MUNGELI,22,647,701,795938,409797,386141,183725,MUNGELI,0.88,0.78,1,0.57,0.8075
2019,ANDHRA PRADESH,CHITTOOR,28,503,1904,3609026,1815487,1793539,929035,CHITTOOR,0.5,0.89,1,0.52,0.7275
2019,PUNJAB,PATIALA,3,41,1125,1357112,712444,644668,254121,PATIALA,0.75,0.78,1,0.57,0.775
2019,TELANGANA,KAMAREDDY,36,685,697,964058,476143,487915,243315,KAMAREDDY,0.75,0.89,1,0.57,0.8025
2019,JAMMU AND KASHMIR,RAJAURI,1,12,487,884300,467396,416904,182628,RAJOURI,0.75,0.67,0.88,0.67,0.7425
2019,HARYANA,REWARI,6,72,420,874017,462836,411181,171342,REWARI,0.62,0.67,1,0.48,0.6925
2019,TAMIL NADU,TIRUVANNAMALAI,33,593,1157,2264420,1134942,1129478,609249,TIRUVANNAMALAI,0.62,0.67,1,0.38,0.6675
2019,MAHARASHTRA,THANE,27,497,819,1150039,603285,546754,248884,THANE,0.75,0.89,1,0.57,0.8025
2019,BIHAR,GAYA,10,196,2886,4403857,2318792,2085065,740798,GAYA,0.75,0.78,1,0.71,0.81
2019,BIHAR,KISHANGANJ,10,203,771,1662419,855130,807289,341317,KISHANGANJ,0.75,0.78,1,0.71,0.81
2019,HARYANA,NUH,6,604,451,1622962,863890,759072,213520,NUH,0.62,0.78,1,0.67,0.7675
2019,TELANGANA,YADADRI BHUVANAGIRI,36,697,450,653780,331811,321969,175086,YADADRI BHUVANAGIRI,0.75,0.78,1,0.52,0.7625
2019,UTTAR PRADESH,MAHOBA,9,165,436,872507,467139,405368,165059,MAHOBA,0.88,0.78,1,0.62,0.82
2019,CHHATTISGARH,KONDAGAON,22,643,552,571534,281435,290099,120720,KONDAGAON,0.88,0.44,1,0.62,0.735
2019,MAHARASHTRA,AHMEDNAGAR,27,466,1581,3734739,1940348,1794391,793938,AHMEDNAGAR,0.5,0.67,0.88,0.52,0.6425
2019,ANDHRA PRADESH,GUNTUR,28,506,1072,3437305,1722505,1714800,978618,GUNTUR,0.5,0.67,0.88,0.57,0.655
2019,ODISHA,NUAPADA,21,368,646,614647,308391,306256,157985,NUAPADA,0.88,0.78,1,0.76,0.855
2019,RAJASTHAN,CHURU,8,96,910,1672921,875092,797829,343362,CHURU,0.62,0.67,0.88,0.57,0.685
2019,RAJASTHAN,NAGAUR,8,110,1656,3146279,1641189,1505090,632132,NAGAUR,0.62,0.67,0.88,0.57,0.685
2019,TELANGANA,Nirmal,36,680,587,612429,297984,314445,167599,NIRMAL,0.75,0.89,1,0.62,0.815
2019,UTTAR PRADESH,HATHRAS,9,163,665,1405393,762028,643365,245439,HATHRAS,0.88,0.78,1,0.62,0.82
2019,BIHAR,ARARIA,10,188,754,3613563,1921599,1691964,791197,ARARIA,0.75,0.78,1,0.57,0.775
2019,BIHAR,SITAMARHI,10,221,866,4256547,2281895,1974652,916461,SITAMARHI,0.75,0.78,1,0.57,0.775
2019,MADHYA PRADESH,NARSINGHPUR,23,418,1021,1004214,532215,471999,237159,NARSINGHPUR,0.88,0.78,1,0.57,0.8075
2019,HARYANA,AMBALA,6,58,482,667776,351264,316512,139795,AMBALA,0.75,0.78,1,0.52,0.7625
2019,HARYANA,JIND,6,65,313,1219679,654611,565068,226270,JIND,0.75,0.56,0.75,0.52,0.645
2019,HARYANA,KARNAL,6,67,527,1526651,817219,709432,301413,KARNAL,0.75,0.67,0.88,0.48,0.695
2019,MAHARASHTRA,RAIGAD,27,491,1917,1998727,1012760,985967,532680,RAIGAD,0.75,0.89,1,0.43,0.7675
2019,MADHYA PRADESH,TIKAMGARH,23,434,631,1076984,574670,502314,235646,TIKAMGARH,0.88,0.78,1,0.57,0.8075
2019,TRIPURA,Gomati,16,654,241,476637,239141,237496,114538,GOMATI,0.75,0.67,0.75,0.57,0.685
2019,PUNJAB,RUPNAGAR,3,42,717,645588,338024,307564,120911,RUPNAGAR,0.75,0.78,1,0.62,0.7875
2019,TAMIL NADU,PUDUKKOTTAI,33,582,859,1525807,759348,766459,447088,PUDUKKOTTAI,0.62,0.67,1,0.43,0.68
2019,CHHATTISGARH,KOREA,22,384,629,491435,249350,242085,122222,KORIYA,0.88,0.67,1,0.71,0.815
2019,MADHYA PRADESH,MANDLA,23,415,1228,1094557,548345,546212,282898,MANDLA,0.88,0.78,1,0.62,0.82
2019,MEGHALAYA,SOUTH WEST GARO HILLS,17,663,515,216689,108530,108159,48192,SOUTH WEST GARO HILLS,0.88,0.67,1,0.67,0.805
2019,WEST BENGAL,COOCHBEHAR,19,308,1215,3188928,1660609,1528319,738957,COOCH BEHAR,0.75,0.78,0.88,0.76,0.7925
2019,KARNATAKA,BELAGAVI,29,527,1271,3823961,1977080,1846881,858471,BELAGAVI,0.5,0.56,1,0.62,0.67
2019,UTTAR PRADESH,BULANDSHAHR,9,134,1256,3172160,1689115,1483045,547129,BULANDSHAHR,0.75,0.78,1,0.67,0.8
2019,MANIPUR,TENGNOUPAL,14,716,280,82382,40915,41467,16448,TENGNOUPAL,0.88,0.89,1,0.71,0.87
2019,CHHATTISGARH,JANJGIR-CHAMPA,22,379,881,1684076,861750,822326,415278,JANJGIR-CHAMPA,0.88,0.67,1,0.48,0.7575
2019,MANIPUR,CHURACHANDPUR,14,254,810,348779,169668,179111,66207,CHURACHANDPUR,0.88,0.89,1,0.71,0.87
2019,HIMACHAL PRADESH,UNA,2,26,842,575442,295281,280161,130982,UNA,0.75,0.89,0.88,0.52,0.76
2019,RAJASTHAN,JHUNJHUNU,8,106,973,1996632,1039811,956821,433943,JHUNJHUNU,0.62,0.44,0.88,0.52,0.615
2019,BIHAR,MADHUBANI,10,206,1158,5653769,2999811,2653958,1154011,MADHUBANI,0.62,0.78,1,0.57,0.7425
2019,ANDHRA PRADESH,ANANTAPUR,28,502,1192,3310288,1694922,1615366,849859,ANANTAPUR,0.62,0.67,0.88,0.52,0.6725
2019,MAHARASHTRA,NANDURBAR,27,486,949,1474912,750977,723935,332291,NANDURBAR,0.88,0.89,1,0.57,0.835
2019,PUNJAB,Tarn Taran,3,609,609,1196243,634828,561415,203760,TARN TARAN,0.88,0.78,1,0.76,0.855
2019,ARUNACHAL PRADESH,TIRAP,12,239,108,46116,23448,22668,8777,TIRAP,0.88,0.78,1,0.86,0.88
2019,KARNATAKA,KODAGU,29,541,485,555920,277612,278308,143103,KODAGU,0.62,0.78,1,0.57,0.7425
2019,MAHARASHTRA,HINGOLI,27,477,707,1083203,569202,514001,221671,HINGOLI,0.88,0.78,1,0.57,0.8075
2019,HARYANA,PALWAL,6,619,329,1174438,629401,545037,189776,PALWAL,0.88,0.67,1,0.62,0.7925
2019,WEST BENGAL,HOOGHLY,19,312,1944,4594474,2355835,2238639,1040528,HOOGHLY,0.62,0.78,0.88,0.62,0.725
2019,MAHARASHTRA,PALGHAR,27,665,910,1661799,848182,813617,406547,PALGHAR,0.62,0.78,1,0.57,0.7425
2019,CHHATTISGARH,NARAYANPUR,22,637,422,127063,63203,63860,27741,NARAYANPUR,1,0.89,1,0.95,0.96
2019,BIHAR,DARBHANGA,10,195,1268,4530748,2411206,2119542,952276,DARBHANGA,0.88,0.78,1,0.62,0.82
2019,CHHATTISGARH,BALOD,22,646,687,787672,391867,395805,168131,BALOD,0.88,0.56,1,0.52,0.74
2019,CHHATTISGARH,BALRAMPUR,22,649,637,739207,379224,359983,199238,BALRAMPUR,0.88,0.78,1,0.57,0.8075
2019,CHHATTISGARH,BEMETARA,22,650,689,850711,427304,423407,179380,BEMETARA,0.88,0.67,1,0.52,0.7675
2019,RAJASTHAN,KOTA,8,109,883,885092,463918,421174,234444,KOTA,0.88,0.78,1,0.71,0.8425
2019,ASSAM,DIBRUGARH,18,286,1341,1220615,617821,602794,264144,DIBRUGARH,0.88,0.89,1,0.76,0.8825
2019,JAMMU AND KASHMIR,KATHUA,1,7,552,603501,318755,284746,118424,KATHUA,0.75,0.78,1,0.57,0.775
2019,HIMACHAL PRADESH,BILASPUR,2,15,1025,437403,222893,214510,106861,BILASPUR,0.75,0.89,1,0.52,0.79
2019,PUNJAB,JALANDHAR,3,34,1003,1175930,608388,567542,244441,JALANDHAR,0.75,0.89,1,0.62,0.815
2019,HARYANA,PANCHKULA,6,70,187,202378,107050,95328,36882,PANCHKULA,0.75,0.78,1,0.57,0.775
2019,UTTAR PRADESH,MUZAFFARNAGAR,9,172,726,2557084,1346108,1210976,423558,MUZAFFARNAGAR,0.75,0.78,1,0.52,0.7625
2019,RAJASTHAN,DUNGARPUR,8,99,1005,1508270,762398,745872,343505,DUNGARPUR,0.75,0.78,0.88,0.67,0.77
2019,MEGHALAYA,EAST KHASI HILLS,17,274,861,660999,322744,338255,129714,EAST KHASI HILLS,0.75,0.67,1,0.67,0.7725
2019,RAJASTHAN,PRATAPGARH,8,629,1011,908026,464558,443468,222750,PRATAPGARH,0.88,0.78,1,0.76,0.855
2019,MAHARASHTRA,PARBHANI,27,489,843,1407424,735904,671520,294633,PARBHANI,0.88,0.78,1,0.57,0.8075
2019,TRIPURA,Khowai,16,652,168,380108,190030,190078,96462,KHOWAI,0.75,0.56,0.75,0.52,0.645
2019,TELANGANA,Mulugu,36,720,415,333389,166540,166849,88915,MULUGU,0.75,0.89,1,0.57,0.8025
2019,TELANGANA,NAGARKURNOOL,36,694,550,846374,430793,415581,211599,NAGARKURNOOL,0.62,0.78,1,0.52,0.73
2019,MADHYA PRADESH,MORENA,23,417,764,1855930,1031714,824216,356297,MORENA,0.88,0.78,1,0.62,0.82
2019,WEST BENGAL,DINAJPUR UTTAR,19,311,1501,3525894,1839513,1686381,658931,UTTAR DINAJPUR,0.75,0.89,1,0.71,0.8375
2019,ARUNACHAL PRADESH,TAWANG,12,238,234,43915,21854,22061,9037,TAWANG,0.88,1,1,0.81,0.9225
2019,MEGHALAYA,EAST GARO HILLS,17,273,485,168372,83466,84906,30152,EAST GARO HILLS,0.88,0.67,1,0.76,0.8275
2019,WEST BENGAL,MURSHIDABAD,19,319,2087,7872091,4067411,3804680,1666913,MURSHIDABAD,0.62,0.89,0.88,0.67,0.765
2019,KARNATAKA,MANDYA,29,544,1620,1685918,862872,823046,398305,MANDYA,0.62,0.78,1,0.62,0.755
2019,CHHATTISGARH,SUKMA,22,642,395,257885,125838,132047,60343,SUKMA,1,0.78,1,0.86,0.91
2019,UTTAR PRADESH,FATEHPUR,9,142,1411,3038967,1624140,1414827,555322,FATEHPUR,0.75,0.78,1,0.71,0.81
2019,BIHAR,JAMUI,10,198,1504,1989156,1058665,930491,340121,JAMUI,0.88,0.78,1,0.67,0.8325
2019,CHHATTISGARH,KANKER,22,381,1084,729146,363924,365222,158184,KANKER,0.88,0.78,1,0.57,0.8075
2019,CHHATTISGARH,KABIRDHAM,22,382,970,822496,413595,408901,198777,KABIRDHAM,0.88,0.78,1,0.57,0.8075
2019,CHHATTISGARH,MAHASAMUND,22,385,1164,1020660,509418,511242,257823,MAHASAMUND,0.88,0.67,1,0.57,0.78
2019,MAHARASHTRA,WASHIM,27,499,786,1000991,523774,477217,232072,WASHIM,0.88,0.78,1,0.67,0.8325
2019,JAMMU AND KASHMIR,BARAMULLA,1,3,628,1155256,616036,539220,174729,BARAMULLA,0.75,0.67,1,0.52,0.735
2019,HIMACHAL PRADESH,SIRMAUR,2,24,983,551996,285357,266639,118205,SIRMAUR,0.75,0.78,1,0.62,0.7875
2019,PUNJAB,FIROZEPUR,3,31,882,941069,498553,442516,187129,FIROZPUR,0.75,0.89,1,0.67,0.8275
2019,PUNJAB,HOSHIARPUR,3,33,1570,1414669,734373,680296,288771,HOSHIARPUR,0.75,0.89,1,0.67,0.8275
2019,UTTARAKHAND,CHAMOLI,5,47,1182,352963,175216,177747,83357,CHAMOLI,0.75,0.78,1,0.57,0.775
2019,RAJASTHAN,DHOLPUR,8,98,841,1098281,598493,499788,203833,DHOLPUR,0.75,0.78,1,0.57,0.775
2019,RAJASTHAN,JALORE,8,104,830,2016554,1047914,968640,438210,JALORE,0.62,0.56,0.88,0.62,0.67
2019,BIHAR,PURNIA,10,214,1317,4473875,2411889,2061986,879459,PURNIA,0.62,0.78,1,0.57,0.7425
2019,MADHYA PRADESH,ALIRAJPUR,23,639,540,875457,442848,432609,140587,ALIRAJPUR,0.88,0.78,1,0.62,0.82
2019,ASSAM,GOLAGHAT,18,288,1031,1084813,553409,531404,241042,GOLAGHAT,0.75,0.89,1,0.76,0.85
2019,ANDHRA PRADESH,EAST GODAVARI,28,505,1860,4657497,2331469,2326028,1412188,EAST GODAVARI,0.62,0.78,0.88,0.52,0.7
2019,MADHYA PRADESH,JHABUA,23,412,785,1356642,687492,669150,267374,JHABUA,0.88,0.78,1,0.57,0.8075
2019,ASSAM,WEST KARBI ANGLONG,18,710,565,306729,155037,151692,53550,WEST KARBI ANGLONG,0.88,0.78,1,0.81,0.8675
2019,ARUNACHAL PRADESH,KAMLE,12,718,192,24910,13000,11910,4803,KAMLE,0.88,1,1,0.81,0.9225
2019,TELANGANA,BHADRADRI KOTHAGUDEM,36,690,702,894544,447613,446931,234721,BHADRADRI KOTHAGUDEM,0.88,0.78,1,0.57,0.8075
2019,UTTAR PRADESH,CHITRAKOOT,9,136,565,1250597,680011,570586,220664,CHITRAKOOT,0.88,0.78,1,0.67,0.8325
2019,BIHAR,BUXAR,10,194,1132,1921526,1011825,909701,280101,BUXAR,0.88,0.78,1,0.71,0.8425
2019,BIHAR,LAKHISARAI,10,204,470,927236,497685,429551,155302,LAKHISARAI,0.88,0.78,1,0.71,0.8425
2019,BIHAR,MUNGER,10,207,868,1278381,690527,587854,254575,MUNGER,0.88,0.78,1,0.71,0.8425
2019,BIHAR,PATNA,10,212,1402,4175372,2239388,1935984,697462,PATNA,0.88,0.78,1,0.71,0.8425
2019,CHHATTISGARH,KORBA,22,383,726,836747,421700,415047,209158,KORBA,0.88,0.67,1,0.67,0.805
2019,KARNATAKA,KOLAR,29,542,1811,1166513,601460,565053,263337,KOLAR,0.88,0.78,1,0.76,0.855
2019,JAMMU AND KASHMIR,JAMMU,1,5,913,1013853,539429,474424,213114,JAMMU,0.75,0.78,1,0.71,0.81
2019,PUNJAB,AMRITSAR,3,27,933,1438423,759828,678595,263480,AMRITSAR,0.75,0.67,1,0.67,0.7725
2019,UTTARAKHAND,ALMORA,5,45,2215,615730,296296,319434,133312,ALMORA,0.75,0.89,1,0.62,0.815
2019,UTTARAKHAND,PITHORAGARH,5,53,1538,439021,220206,218815,102148,PITHORAGARH,0.75,0.89,1,0.62,0.815
2019,RAJASTHAN,AJMER,8,86,1146,1861453,969360,892093,391498,AJMER,0.75,0.78,1,0.57,0.775
2019,RAJASTHAN,BIKANER,8,93,948,1947648,1041017,906631,329144,BIKANER,0.75,0.78,0.88,0.67,0.77
2019,UTTAR PRADESH,RAMPUR,9,176,1174,2047805,1083740,964065,354758,RAMPUR,0.75,0.78,1,0.62,0.7875
2019,UTTAR PRADESH,SONBHADRA,9,184,1409,2147748,1129908,1017840,404904,SONBHADRA,0.75,0.78,1,0.62,0.7875
2019,WEST BENGAL,MALDAH,19,316,1801,4925987,2589410,2336577,1027954,MALDAH,0.75,0.89,0.88,0.62,0.785
2019,JHARKHAND,LOHARDAGA,20,336,352,477517,243846,233671,104544,LOHARDAGA,0.75,0.78,1,0.67,0.8
2019,JAMMU AND KASHMIR,GANDERBAL,1,626,173,350136,184244,165892,54401,GANDERBAL,0.75,0.56,0.88,0.57,0.69
2019,ARUNACHAL PRADESH,PAPUM PARE,12,237,463,94426,47904,46522,17393,PAPUM PARE,0.88,0.89,1,0.76,0.8825
2019,MAHARASHTRA,AMRAVATI,27,468,1964,1853856,961190,892666,480006,AMRAVATI,0.88,0.78,1,0.57,0.8075
2019,ANDHRA PRADESH,Y.S.R.,28,504,1094,2236519,1132600,1103919,596703,YSR KADAPA,0.62,0.89,1,0.52,0.7575
2019,MADHYA PRADESH,AGAR MALWA,23,667,489,527549,279005,248544,122593,AGAR MALWA,0.88,0.78,1,0.52,0.795
2019,BIHAR,VAISHALI,10,224,1582,4014986,2134205,1880781,707345,VAISHALI,0.75,0.78,1,0.67,0.8
2019,MAHARASHTRA,CHANDRAPUR,27,473,1837,1550551,794594,755957,398592,CHANDRAPUR,0.75,0.89,1,0.67,0.8275
2019,KARNATAKA,RAICHUR,29,546,891,1655871,856297,799574,367002,RAICHUR,0.75,0.78,1,0.62,0.7875
2019,PUNJAB,KAPURTHALA,3,35,818,583294,305144,278150,115099,KAPURTHALA,0.88,0.89,1,0.76,0.8825
2019,ASSAM,KOKRAJHAR,18,294,1129,1019845,519809,500036,212389,KOKRAJHAR,0.88,0.89,1,0.76,0.8825
2019,HARYANA,YAMUNANAGAR,6,76,662,847808,446954,400854,157872,YAMUNA NAGAR,0.88,0.78,1,0.43,0.7725
2019,CHHATTISGARH,BILASPUR,22,375,890,1636268,844575,791693,382066,BILASPUR,0.88,0.78,1,0.52,0.795
2019,MADHYA PRADESH,HOSHANGABAD,23,409,914,995889,530687,465202,220920,HOSHANGABAD,0.88,0.78,1,0.52,0.795
2019,ASSAM,SONITPUR,18,301,715,1106769,564405,542364,229999,SONITPUR,0.88,0.89,1,0.76,0.8825
2019,ASSAM,TINSUKIA,18,302,1136,1346556,683684,662872,275086,TINSUKIA,0.88,0.78,1,0.76,0.855
2019,JAMMU AND KASHMIR,KUPWARA,1,8,560,1034576,543566,491010,152243,KUPWARA,0.75,0.78,1,0.67,0.8
2019,RAJASTHAN,ALWAR,8,87,2099,3523965,1873684,1650281,666130,ALWAR,0.75,0.78,1,0.67,0.8
2019,RAJASTHAN,BHARATPUR,8,91,1523,2306790,1232682,1074108,414950,BHARATPUR,0.75,0.67,1,0.67,0.7725
2019,UTTAR PRADESH,KANPUR NAGAR,9,157,1015,2032860,1104090,928770,377962,KANPUR NAGAR,0.75,0.78,1,0.62,0.7875
2019,UTTAR PRADESH,SAHARANPUR,9,177,1527,2837146,1511067,1326079,510307,SAHARANPUR,0.75,0.78,1,0.67,0.8
2019,BIHAR,BHOJPUR,10,193,1218,3048551,1638637,1409914,478513,BHOJPUR,0.75,0.78,1,0.71,0.81
2019,ASSAM,CACHAR,18,282,1107,1797760,928638,869122,381356,CACHAR,0.75,0.78,1,0.71,0.81
2019,MEGHALAYA,WEST KHASI HILLS,17,279,719,325794,160957,164837,54052,WEST KHASI HILLS,0.88,0.67,1,0.76,0.8275
2019,CHHATTISGARH,RAJNANDGAON,22,388,1604,1410132,704100,706032,290947,RAJNANDGAON,0.88,0.78,1,0.52,0.795
2019,HIMACHAL PRADESH,HAMIRPUR,2,17,1749,560516,281453,279063,134729,HAMIRPUR,0.75,1,1,0.57,0.83
2019,HIMACHAL PRADESH,KANGRA,2,18,3692,1748514,893114,855400,424290,KANGRA,0.75,0.89,1,0.57,0.8025
2019,KARNATAKA,BENGALURU URBAN,29,525,806,1248619,660781,587838,316843,BENGALURU URBAN,0.75,0.78,1,0.57,0.775
2019,UTTAR PRADESH,BANDA,9,128,682,1992877,1083739,909138,369296,BANDA,0.88,0.78,1,0.62,0.82
2019,UTTAR PRADESH,ETAH,9,138,883,1881175,1017004,864171,308125,ETAH,0.88,0.78,1,0.67,0.8325
2019,UTTAR PRADESH,ETAWAH,9,139,691,1455218,791713,663505,270138,ETAWAH,0.88,0.78,1,0.62,0.82
2019,UTTAR PRADESH,JHANSI,9,153,755,1430881,778395,652486,270782,JHANSI,0.88,0.78,1,0.67,0.8325
2019,MADHYA PRADESH,ANUPPUR,23,390,571,672728,345879,326849,184475,ANUPPUR,0.88,0.78,1,0.57,0.8075
2019,BIHAR,ROHTAS,10,215,2073,2842303,1506695,1335608,466224,ROHTAS,0.75,0.78,1,0.71,0.81
2019,RAJASTHAN,BUNDI,8,94,888,1068290,552557,515733,220648,BUNDI,0.88,0.78,1,0.76,0.855
2019,ARUNACHAL PRADESH,ANJAW,12,628,248,20423,11025,9398,4194,ANJAW,1,1,1,0.86,0.965
2019,RAJASTHAN,RAJSAMAND,8,112,1080,1063055,538647,524408,274020,RAJSAMAND,0.88,0.89,1,0.62,0.8475
2019,ASSAM,DHUBRI,18,285,892,1658161,863823,794338,342823,DHUBRI,0.88,0.78,1,0.81,0.8675
2019,RAJASTHAN,HANUMANGARH,8,101,1908,1703503,903468,800035,382365,HANUMANGARH,0.75,0.89,1,0.76,0.85
2019,ASSAM,NAGAON,18,297,979,2115270,1095653,1019617,421404,NAGAON,0.75,0.78,1,0.76,0.8225
2019,JAMMU AND KASHMIR,SHOPIAN,1,625,227,274289,141173,133116,48530,SHOPIAN,0.75,0.78,1,0.67,0.8
2019,JAMMU AND KASHMIR,REASI,1,627,292,504001,272475,231526,91711,REASI,0.75,0.78,0.88,0.71,0.78
2019,MADHYA PRADESH,SIDHI,23,433,1028,1270879,665233,605646,293788,SIDHI,0.88,0.78,1,0.57,0.8075
2019,KARNATAKA,KOPPAL,29,543,648,1245931,641661,604270,266522,KOPPAL,0.75,0.78,1,0.71,0.81
2019,HIMACHAL PRADESH,MANDI,2,22,2851,1110906,561319,549587,299805,MANDI,0.75,0.89,1,0.62,0.815
2019,UTTARAKHAND,PAURI GARHWAL,5,52,3392,474031,224247,249784,112503,PAURI GARHWAL,0.75,0.89,1,0.57,0.8025
2019,BIHAR,MUZAFFARPUR,10,208,1832,5679024,3060130,2618894,1179465,MUZAFFARPUR,0.75,0.78,1,0.62,0.7875
2019,BIHAR,SARAN,10,218,1685,4596025,2418234,2177791,745411,SARAN,0.75,0.78,1,0.62,0.7875
2019,KARNATAKA,BAGALKOT,29,524,668,1474236,757736,716500,308523,BAGALKOT,0.62,0.56,1,0.62,0.7
2019,KARNATAKA,BALLARI,29,528,809,2035472,1055874,979598,464678,BALLARI,0.62,0.56,1,0.62,0.7
2019,KARNATAKA,BIDAR,29,529,661,1609351,846021,763330,303489,BIDAR,0.62,0.67,1,0.67,0.74
2019,KARNATAKA,CHIKKAMAGALURU,29,532,1039,998919,504198,494721,247888,CHIKKAMAGALURU,0.75,0.78,1,0.62,0.7875
2019,KARNATAKA,HAVERI,29,540,726,1499466,789284,710182,315875,HAVERI,0.62,0.56,1,0.62,0.7
2019,KARNATAKA,TUMAKURU,29,548,2608,2334748,1203552,1131196,558422,TUMAKURU,0.75,0.78,1,0.62,0.7875
2019,UTTAR PRADESH,BALLIA,9,126,1842,3708176,1975559,1732617,634115,BALLIA,0.88,0.78,1,0.71,0.8425
2019,UTTAR PRADESH,BAREILLY,9,130,1920,3794068,2034434,1759634,645432,BAREILLY,0.88,0.78,1,0.71,0.8425
2019,UTTAR PRADESH,FARRUKHABAD,9,141,1010,1778739,954973,823766,287919,FARRUKHABAD,0.88,0.78,1,0.67,0.8325
2019,UTTAR PRADESH,JALAUN,9,151,1155,1591937,866889,725048,278792,JALAUN,0.88,0.78,1,0.71,0.8425
2019,MADHYA PRADESH,BARWANI,23,393,711,1424708,731325,693383,274281,BARWANI,0.88,0.78,1,0.48,0.785
2019,MADHYA PRADESH,GWALIOR,23,407,536,757899,412453,345446,150196,GWALIOR,0.88,0.78,1,0.48,0.785
2019,BIHAR,KAIMUR (BHABUA),10,200,1693,1872759,988739,884020,319088,KAIMUR,0.88,0.89,1,0.71,0.87
2019,JAMMU AND KASHMIR,KISHTWAR,1,620,200,277968,146744,131224,66672,KISHTWAR,0.88,0.67,0.88,0.67,0.775
2019,RAJASTHAN,BARAN,8,89,1238,1150688,600039,550649,234676,BARAN,0.75,0.78,1,0.76,0.8225
2019,RAJASTHAN,CHITTORGARH,8,95,1771,1403545,716567,686978,332530,CHITTORGARH,0.75,0.78,1,0.76,0.8225
2019,ODISHA,NABARANGPUR,21,366,875,1161113,578759,582354,278019,NABARANGPUR,0.88,0.78,1,0.71,0.8425
2019,ODISHA,NAYAGARH,21,367,1683,956892,502062,454830,228364,NAYAGARH,0.88,0.89,1,0.71,0.87
2019,ODISHA,PURI,21,369,1632,1586086,817821,768265,354304,PURI,0.88,0.78,1,0.71,0.8425
2019,HIMACHAL PRADESH,SOLAN,2,25,2471,534156,272557,261599,117828,SOLAN,0.75,1,1,0.67,0.855
2019,RAJASTHAN,JAIPUR,8,102,2217,3551951,1850895,1701056,694355,JAIPUR,0.75,0.78,1,0.62,0.7875
2019,BIHAR,SIWAN,10,222,1529,3713148,1892342,1820806,622511,SIWAN,0.75,0.78,1,0.67,0.8
2019,WEST BENGAL,BIRBHUM,19,307,2312,3610255,1868008,1742247,823777,BIRBHUM,0.75,0.89,1,0.67,0.8275
2019,WEST BENGAL,MEDINIPUR EAST,19,317,2983,5319435,2768254,2551181,1164311,PURBA MEDINIPUR,0.75,0.89,1,0.62,0.815
2019,ANDHRA PRADESH,SRIKAKULAM,28,519,1941,2808430,1409472,1398958,756004,SRIKAKULAM,0.75,0.89,1,0.62,0.815
2019,KARNATAKA,RAMANAGARA,29,631,909,978307,503911,474396,239244,RAMANAGARA,0.75,0.78,1,0.62,0.7875
2019,UTTAR PRADESH,BALRAMPUR,9,127,1016,2373576,1246592,1126984,372136,BALRAMPUR,0.88,0.78,1,0.76,0.855
2019,HIMACHAL PRADESH,CHAMBA,2,16,1491,630848,318072,312776,140833,CHAMBA,0.88,0.89,1,0.57,0.835
2019,UTTARAKHAND,TEHRI GARHWAL,5,55,1796,656992,327494,329498,132566,TEHRI GARHWAL,0.88,0.89,1,0.62,0.8475
2019,UTTAR PRADESH,FIROZABAD,9,143,797,2075544,1126080,949464,336349,FIROZABAD,0.88,0.78,1,0.57,0.8075
2019,UTTAR PRADESH,SHRAVASTI,9,181,539,1371027,732849,638178,239289,SHRAVASTI,0.88,0.78,1,0.57,0.8075
2019,BIHAR,KATIHAR,10,201,1533,3891792,2065244,1826548,787451,KATIHAR,0.88,0.78,1,0.62,0.82
2019,TRIPURA,South Tripura,16,271,269,463545,235508,228037,114289,SOUTH TRIPURA,0.75,0.56,0.75,0.62,0.67
2019,CHHATTISGARH,JASHPUR,22,380,755,863513,433715,429798,200900,JASHPUR,0.88,0.67,1,0.52,0.7675
2019,MADHYA PRADESH,DATIA,23,401,610,700220,378543,321677,143158,DATIA,0.88,0.78,1,0.52,0.795
2019,MADHYA PRADESH,EAST NIMAR,23,405,718,1195518,623085,572433,247650,KHANDWA,0.88,0.78,1,0.57,0.8075
2019,MADHYA PRADESH,SHAJAPUR,23,430,593,899908,479611,420297,185999,SHAJAPUR,0.88,0.78,1,0.52,0.795
2019,MADHYA PRADESH,SINGRAULI,23,638,740,1158788,611008,547780,268993,SINGRAULI,0.88,0.78,1,0.57,0.8075
2019,ODISHA,MALKANGIRI,21,364,1019,564907,282282,282625,137479,MALKANGIRI,0.88,0.78,1,0.71,0.8425
2019,ODISHA,SAMBALPUR,21,371,1198,699912,353915,345997,174752,SAMBALPUR,0.88,0.78,1,0.76,0.855
2019,RAJASTHAN,BARMER,8,90,2699,2770010,1467713,1302297,550198,BARMER,0.75,0.78,1,0.71,0.81
2019,UTTAR PRADESH,BIJNOR,9,132,2994,3539666,1884809,1654857,623921,BIJNOR,0.75,0.89,1,0.67,0.8275
2019,WEST BENGAL,PURULIA,19,321,2662,3344677,1731805,1612872,606068,PURULIA,0.75,0.78,1,0.67,0.8
2019,ODISHA,KHORDHA,21,362,1497,1363062,707205,655857,302503,KHORDHA,0.75,0.78,1,0.71,0.81
2019,KARNATAKA,SHIVAMOGGA,29,547,1697,1262197,639424,622773,302141,SHIVAMOGGA,0.75,0.78,1,0.76,0.8225
2019,RAJASTHAN,TONK,8,116,1207,1363775,714862,648913,276952,TONK,0.88,0.78,1,0.76,0.855
2019,ARUNACHAL PRADESH,Kra Daadi,12,677,305,44716,21814,22902,7866,KRA DAADI,1,1,1,0.86,0.965
2019,JAMMU AND KASHMIR,PULWAMA,1,11,350,541945,281006,260939,88566,PULWAMA,0.88,0.67,0.88,0.57,0.75
2019,JAMMU AND KASHMIR,UDHAMPUR,1,14,404,570762,298477,272285,106059,UDHAMPUR,0.88,0.67,1,0.62,0.7925
2019,PUNJAB,GURDASPUR,3,32,1390,1487169,779003,708166,271703,GURDASPUR,0.88,0.89,1,0.71,0.87
2019,UTTARAKHAND,BAGESHWAR,5,46,858,258576,125817,132759,57544,BAGESHWAR,0.88,0.89,1,0.67,0.86
2019,RAJASTHAN,JODHPUR,8,107,1879,2918468,1544789,1373679,614881,JODHPUR,0.88,0.78,1,0.67,0.8325
2019,UTTAR PRADESH,KANNAUJ,9,155,692,1775194,961465,813729,290017,KANNAUJ,0.88,0.78,1,0.62,0.82
2019,UTTAR PRADESH,LALITPUR,9,161,752,1329328,706602,622726,280580,LALITPUR,0.88,0.78,1,0.67,0.8325
2019,UTTAR PRADESH,LUCKNOW,9,162,804,1843961,978157,865804,341249,LUCKNOW,0.88,0.78,1,0.57,0.8075
2019,UTTAR PRADESH,MAHARAJGANJ,9,164,1259,2989934,1574295,1415639,512259,MAHARAJGANJ,0.88,0.78,1,0.67,0.8325
2019,UTTAR PRADESH,MATHURA,9,167,835,2014905,1090463,924442,348965,MATHURA,0.88,0.78,1,0.62,0.82
2019,UTTAR PRADESH,RAE BARELI,9,175,1569,3100637,1622374,1478263,582081,RAEBARELI,0.88,0.78,1,0.57,0.8075
2019,UTTAR PRADESH,BHADOHI,9,179,1090,1935943,1018293,917650,305800,BHADOHI,0.88,0.78,1,0.67,0.8325
2019,UTTAR PRADESH,VARANASI,9,187,1309,3291600,1732854,1558746,532304,VARANASI,0.88,0.89,0.88,0.62,0.8175
2019,BIHAR,NALANDA,10,209,1060,2756951,1451332,1305619,490784,NALANDA,0.88,0.78,1,0.67,0.8325
2019,MADHYA PRADESH,ASHOKNAGAR,23,391,851,827087,444375,382712,184447,ASHOK NAGAR,0.88,0.78,1,0.62,0.82
2019,MADHYA PRADESH,SEHORE,23,427,1059,1237120,651213,585907,244241,SEHORE,0.88,0.78,1,0.57,0.8075
2019,MADHYA PRADESH,SEONI,23,428,1596,1403928,713031,690897,334057,SEONI,0.88,0.78,1,0.62,0.82
2019,MADHYA PRADESH,SHEOPUR,23,431,518,704677,378325,326352,166051,SHEOPUR,0.88,0.78,1,0.62,0.82
2019,MADHYA PRADESH,UMARIA,23,436,602,607513,314666,292847,143262,UMARIA,0.88,0.78,1,0.52,0.795
2019,JAMMU AND KASHMIR,SAMBA,1,624,379,307309,160093,147216,61809,SAMBA,0.88,0.78,1,0.71,0.8425
2019,UTTAR PRADESH,Kasganj,9,633,654,1316081,711018,605063,236188,KASGANJ,0.88,0.78,1,0.67,0.8325
2019,UTTAR PRADESH,Amethi,9,640,989,2119472,1115946,1003526,371189,AMETHI,0.88,0.78,1,0.62,0.82
2019,MAHARASHTRA,BULDHANA,27,472,1444,2187031,1148238,1038793,529132,BULDHANA,0.88,0.78,1,0.48,0.785
2019,MAHARASHTRA,NAGPUR,27,484,1870,1740846,899602,841244,429128,NAGPUR,0.88,0.89,1,0.52,0.8225
2019,ANDHRA PRADESH,VIZIANAGARAM,28,521,1616,2122834,1060998,1061836,579432,VIZIANAGARAM,0.75,0.89,1,0.57,0.8025
2019,MADHYA PRADESH,SAGAR,23,425,1924,2026814,1094256,932558,461709,SAGAR,0.88,0.78,1,0.62,0.82
2019,MAHARASHTRA,GADCHIROLI,27,475,1645,916307,464260,452047,232888,GADCHIROLI,0.88,0.89,1,0.67,0.86
2019,RAJASTHAN,GANGANAGAR,8,100,3046,1619148,857678,761470,364203,GANGANAGAR,0.75,0.89,1,0.76,0.85
2019,KARNATAKA,UTTAR KANNAD,29,550,1348,1113491,566798,546693,286120,UTTARA KANNADA,0.88,0.78,1,0.71,0.8425
2019,JAMMU AND KASHMIR,ANANTNAG,1,1,506,1106470,579200,527270,176367,ANANTNAG,0.88,0.67,1,0.67,0.805
2019,JAMMU AND KASHMIR,POONCH,1,10,274,588723,308982,279741,122754,POONCH,0.88,0.67,1,0.62,0.7925
2019,HIMACHAL PRADESH,LAHUL AND SPITI,2,21,361,39800,19821,19979,7437,LAHAUL AND SPITI,0.88,0.89,1,0.71,0.87
2019,RAJASTHAN,BHILWARA,8,92,1916,2202636,1130568,1072068,488267,BHILWARA,0.88,0.78,1,0.67,0.8325
2019,UTTAR PRADESH,AGRA,9,118,943,3112265,1687094,1425171,515759,AGRA,0.88,0.78,1,0.71,0.8425
2019,UTTAR PRADESH,ALIGARH,9,119,1174,2918352,1575485,1342867,501687,ALIGARH,0.88,0.78,1,0.71,0.8425
2019,UTTAR PRADESH,AMBEDKAR NAGAR,9,121,1717,2569713,1334071,1235642,431010,AMBEDKAR NAGAR,0.88,0.78,1,0.67,0.8325
2019,UTTAR PRADESH,BAHRAICH,9,125,1398,4140313,2205701,1934612,797616,BAHRAICH,0.88,0.78,1,0.71,0.8425
2019,UTTAR PRADESH,BARABANKI,9,129,1828,3366531,1800196,1566335,641821,BARABANKI,0.88,0.78,1,0.67,0.8325
2019,UTTAR PRADESH,BUDAUN,9,133,1685,3237430,1768445,1468985,548471,BUDAUN,0.88,0.78,1,0.67,0.8325
2019,UTTAR PRADESH,AYODHYA,9,140,1249,2691918,1399717,1292201,459020,FAIZABAD,0.88,0.78,1,0.62,0.82
2019,UTTAR PRADESH,GONDA,9,147,1817,3766648,1996249,1770399,666021,GONDA,0.88,0.78,1,0.71,0.8425
2019,UTTAR PRADESH,HARDOI,9,150,2060,4709725,2547925,2161800,831429,HARDOI,0.88,0.78,1,0.62,0.82
2019,UTTAR PRADESH,AMROHA,9,154,1206,1781116,941829,839287,320374,AMROHA,0.88,0.78,1,0.67,0.8325
2019,UTTAR PRADESH,KANPUR DEHAT,9,156,1047,2205129,1203289,1001840,399995,KANPUR DEHAT,0.88,0.78,1,0.71,0.8425
2019,UTTAR PRADESH,KAUSHAMBI,9,158,843,1702491,904017,798474,298695,KAUSHAMBI,0.88,0.78,1,0.71,0.8425
2019,UTTAR PRADESH,KUSHI NAGAR,9,160,1525,4073677,2123255,1950422,694474,KUSHINAGAR,0.88,0.78,1,0.71,0.8425
2019,UTTAR PRADESH,MAINPURI,9,166,828,1878586,1011133,867453,323638,MAINPURI,0.88,0.78,1,0.71,0.8425
2019,UTTAR PRADESH,MAU,9,168,1558,2156179,1113771,1042408,335581,MAU,0.88,0.89,1,0.67,0.86
2019,UTTAR PRADESH,PILIBHIT,9,173,1485,2269791,1221665,1048126,401418,PILIBHIT,0.88,0.78,1,0.71,0.8425
2019,BIHAR,NAWADA,10,210,1081,2340386,1231175,1109211,445936,NAWADA,0.88,0.78,1,0.71,0.8425
2019,JHARKHAND,KODERMA,20,334,597,701468,364605,336863,166815,KODERMA,0.88,0.78,1,0.71,0.8425
2019,MADHYA PRADESH,BHOPAL,23,396,499,522110,281159,240951,105968,BHOPAL,0.88,0.78,1,0.62,0.82
2019,MADHYA PRADESH,NEEMUCH,23,419,801,630631,326593,304038,148352,NEEMUCH,0.88,0.78,1,0.62,0.82
2019,MADHYA PRADESH,DEWAS,23,402,1047,1255166,649974,605192,263407,DEWAS,0.88,0.78,1,0.48,0.785
2019,MADHYA PRADESH,UJJAIN,23,435,1101,1370412,712681,657731,284589,UJJAIN,0.88,0.78,1,0.48,0.785
2019,MAHARASHTRA,YAVATMAL,27,500,2121,2204299,1143514,1060785,543448,YAVATMAL,0.88,0.89,1,0.57,0.835
2019,WEST BENGAL,MEDINIPUR WEST,19,318,5529,4747653,2462589,2285064,1048976,PASCHIM MEDINIPUR,0.75,0.89,1,0.81,0.8625
2019,ARUNACHAL PRADESH,EAST KAMENG,12,231,303,77883,37413,40470,15691,EAST KAMENG,1,0.89,1,0.81,0.925
2019,MANIPUR,CHANDEL,14,253,327,73695,35319,38376,14757,CHANDEL,0.88,0.78,1,0.86,0.88
2019,MEGHALAYA,SOUTH GARO HILLS,17,277,710,175164,87795,87369,34395,SOUTH GARO HILLS,0.88,0.78,1,0.86,0.88
2019,WEST BENGAL,PURBA BARDHAMAN,19,306,2177,4877817,2535718,2342099,1129106,PURBA BARDHAMAN,0.75,0.78,0.88,0.67,0.77
2019,JAMMU AND KASHMIR,DODA,1,4,454,513303,273067,240236,108537,DODA,0.88,0.67,0.88,0.71,0.785
2019,RAJASTHAN,KARAULI,8,108,895,1487356,800657,686699,269440,KARAULI,0.88,0.78,1,0.76,0.855
2019,UTTAR PRADESH,AURAIYA,9,122,847,1378967,750737,628230,252721,AURAIYA,0.88,0.78,1,0.71,0.8425
2019,UTTAR PRADESH,CHANDAULI,9,135,1640,2101637,1107087,994550,342198,CHANDAULI,0.88,0.89,1,0.76,0.8825
2019,UTTAR PRADESH,KHERI,9,159,1743,4467570,2430279,2037291,852455,LAKHIMPUR KHERI,0.88,0.78,1,0.76,0.855
2019,UTTAR PRADESH,MORADABAD,9,171,1132,2639780,1399324,1240456,427971,MORADABAD,0.88,0.78,1,0.76,0.855
2019,MEGHALAYA,RI BHOI,17,276,568,324318,161591,162727,56975,RI-BHOI,0.88,0.67,1,0.71,0.815
2019,MEGHALAYA,WEST GARO HILLS,17,278,1005,454413,226542,227871,98428,WEST GARO HILLS,0.88,0.67,1,0.71,0.815
2019,JHARKHAND,GARHWA,20,328,862,1301200,683176,618024,304485,GARHWA,0.88,0.78,1,0.71,0.8425
2019,JHARKHAND,GUMLA,20,331,948,1094243,558275,535968,221088,GUMLA,0.88,0.78,1,0.71,0.8425
2019,JHARKHAND,LATEHAR,20,335,754,772683,397913,374770,166468,LATEHAR,0.88,0.78,1,0.71,0.8425
2019,JHARKHAND,SIMDEGA,20,342,448,606323,303061,303262,118470,SIMDEGA,0.88,0.78,1,0.71,0.8425
2019,JHARKHAND,RAMGARH,20,607,334,860419,447292,413127,209297,RAMGARH,0.88,0.78,1,0.71,0.8425
2019,JAMMU AND KASHMIR,KULGAM,1,622,311,456491,243081,213410,78959,KULGAM,0.88,0.78,1,0.71,0.8425
2019,UTTAR PRADESH,SAMBHAL,9,659,997,2170779,1160537,1010242,360259,SAMBHAL,0.88,0.78,1,0.71,0.8425
2019,ODISHA,KENDRAPARA,21,360,1320,1417985,729001,688984,297740,KENDRAPARA,0.88,0.78,1,0.62,0.82
2019,MADHYA PRADESH,BETUL,23,394,1441,1434667,738473,696194,309002,BETUL,0.88,0.78,1,0.52,0.795
2019,MADHYA PRADESH,DAMOH,23,400,1186,1280479,682469,598010,323580,DAMOH,0.88,0.78,1,0.52,0.795
2019,MADHYA PRADESH,KATNI,23,413,928,1222098,639807,582291,278224,KATNI,0.88,0.78,1,0.62,0.82
2019,MADHYA PRADESH,KHARGONE,23,414,1306,1878016,975851,902165,374272,KHARGONE,0.88,0.78,1,0.52,0.795
2019,MADHYA PRADESH,PANNA,23,420,953,1144998,614190,530808,253205,PANNA,0.88,0.78,1,0.62,0.82
2019,MADHYA PRADESH,SATNA,23,426,1791,2135275,1131420,1003855,501389,SATNA,0.88,0.78,1,0.62,0.82
2019,MADHYA PRADESH,SHIVPURI,23,432,1287,1663313,922650,740663,357886,SHIVPURI,0.88,0.78,1,0.57,0.8075
2019,MADHYA PRADESH,VIDISHA,23,437,1585,1290090,694634,595456,268378,VIDISHA,0.88,0.78,1,0.52,0.795
2019,MAHARASHTRA,WARDHA,27,498,1373,950618,490445,460173,249220,WARDHA,0.88,0.89,1,0.62,0.8475
2019,CHHATTISGARH,BALODA BAZAR,22,644,963,1338211,671014,667197,292682,BALODA BAZAR,0.88,0.67,1,0.52,0.7675
2019,ARUNACHAL PRADESH,KURUNG KUMEY,12,233,262,38538,19839,18699,6707,KURUNG KUMEY,1,1,1,0.86,0.965
2019,RAJASTHAN,BANSWARA,8,88,1537,1857593,950801,906792,416705,BANSWARA,0.88,0.78,1,0.76,0.855
2019,RAJASTHAN,DAUSA,8,97,1134,1692799,905139,787660,322144,DAUSA,0.88,0.78,1,0.76,0.855
2019,RAJASTHAN,JAISALMER,8,103,810,702836,383125,319711,144177,JAISALMER,0.88,0.78,1,0.76,0.855
2019,RAJASTHAN,JHALAWAR,8,105,1617,1321499,695767,625732,307746,JHALAWAR,0.88,0.78,1,0.76,0.855
2019,JHARKHAND,BOKARO,20,322,710,1642233,869353,772880,424488,BOKARO,0.88,0.78,1,0.76,0.855
2019,JHARKHAND,KHUNTI,20,606,758,530844,269218,261626,109631,KHUNTI,0.88,0.78,1,0.76,0.855
2019,JAMMU AND KASHMIR,BANDIPORA,1,623,212,577349,304352,272997,86069,BANDIPORA,1,0.56,0.75,0.76,0.7675
2019,UTTAR PRADESH,GORAKHPUR,9,148,3341,4526832,2367352,2159480,756606,GORAKHPUR,0.88,0.89,1,0.67,0.86
2019,UTTAR PRADESH,MIRZAPUR,9,170,1942,2955681,1570027,1385654,491645,MIRZAPUR,0.88,0.78,1,0.67,0.8325
2019,BIHAR,BANKA,10,190,2131,2517331,1357894,1159437,452272,BANKA,0.88,0.89,1,0.67,0.86
2019,ODISHA,DHENKANAL,21,352,1209,1184914,613237,571677,286337,DHENKANAL,0.88,0.78,1,0.62,0.82
2019,ODISHA,JAGATSINGHAPUR,21,355,1277,1101534,566055,535479,257670,JAGATSINGHPUR,0.88,0.78,1,0.67,0.8325
2019,CHHATTISGARH,RAIGARH,22,386,1451,1313799,663702,650097,345902,RAIGARH,0.88,0.78,1,0.57,0.8075
2019,MADHYA PRADESH,BALAGHAT,23,392,1291,1729101,867123,861978,396736,BALAGHAT,0.88,0.78,1,0.57,0.8075
2019,MADHYA PRADESH,CHHATARPUR,23,398,1106,1883493,1014555,868938,374481,CHHATARPUR,0.88,0.78,1,0.67,0.8325
2019,MADHYA PRADESH,CHHINDWARA,23,399,1952,1852402,953332,899070,401653,CHHINDWARA,0.88,0.78,1,0.57,0.8075
2019,MADHYA PRADESH,DHAR,23,403,1492,2131432,1093062,1038370,466633,DHAR,0.88,0.78,1,0.57,0.8075
2019,MADHYA PRADESH,RATLAM,23,423,1050,1168482,598535,569947,260483,RATLAM,0.88,0.78,1,0.57,0.8075
2019,MADHYA PRADESH,REWA,23,424,2422,2199314,1157513,1041801,504871,REWA,0.88,0.78,1,0.67,0.8325
2019,MADHYA PRADESH,SHAHDOL,23,429,814,973334,503948,469386,264937,SHAHDOL,0.88,0.78,1,0.52,0.795
2019,ANDHRA PRADESH,VISAKHAPATANAM,28,520,3374,2610235,1302319,1307916,711214,VISHAKHAPATNAM,0.88,0.89,1,0.67,0.86
2019,KARNATAKA,BENGALURU RURAL,29,526,1326,842053,437511,404542,196409,BENGALURU RURAL,0.88,0.89,1,0.62,0.8475
2019,KARNATAKA,CHITRADURGA,29,533,1612,1658144,859201,798943,409674,CHITRADURGA,0.88,0.78,1,0.67,0.8325
2019,KARNATAKA,DAVANGERE,29,535,816,1210570,627728,582842,284061,DAVANAGERE,0.88,0.78,1,0.62,0.82
2019,KARNATAKA,KALABURAGI,29,538,928,2241462,1180393,1061069,467403,KALABURAGI,0.75,0.67,1,0.62,0.76
2019,KARNATAKA,MYSURU,29,545,1643,2173009,1112750,1060259,577470,MYSURU,0.88,0.78,1,0.67,0.8325
2019,WEST BENGAL,Jhargram,19,703,2777,1151380,587353,564027,257500,JHARGRAM,0.88,0.89,1,0.81,0.895
2019,WEST BENGAL,BANKURA,19,305,3681,3722977,1915586,1807391,783729,BANKURA,0.75,0.78,1,0.76,0.8225
2019,ARUNACHAL PRADESH,CHANGLANG,12,229,220,57581,29991,27590,13436,CHANGLANG,0.88,0.89,1,0.81,0.895
2019,HIMACHAL PRADESH,SHIMLA,2,23,3075,721165,366584,354581,171528,SHIMLA,0.88,0.89,1,0.71,0.87
2019,RAJASTHAN,UDAIPUR,8,117,2505,2721801,1400701,1321100,645566,UDAIPUR,0.88,0.78,1,0.67,0.8325
2019,UTTAR PRADESH,PRAYAGRAJ,9,120,3176,5885731,3136583,2749148,990110,ALLAHABAD,0.88,0.78,1,0.71,0.8425
2019,UTTAR PRADESH,AZAMGARH,9,123,3907,5275105,2682306,2592799,817349,AZAMGARH,0.88,0.89,1,0.71,0.87
2019,UTTAR PRADESH,JAUNPUR,9,152,3304,5206169,2626673,2579496,817219,JAUNPUR,0.88,0.89,1,0.71,0.87
2019,UTTAR PRADESH,PRATAPGARH,9,174,2203,4014591,2087024,1927567,726791,PRATAPGARH,0.88,0.78,1,0.71,0.8425
2019,UTTAR PRADESH,SITAPUR,9,183,2333,4969181,2668564,2300617,909978,SITAPUR,0.88,0.78,1,0.71,0.8425
2019,UTTAR PRADESH,SULTANPUR,9,185,1748,2795098,1444523,1350575,468462,SULTANPUR,0.88,0.78,1,0.71,0.8425
2019,BIHAR,AURANGABAD,10,189,1845,2627123,1403643,1223480,442222,AURANGABAD,0.88,0.78,1,0.71,0.8425
2019,BIHAR,BHAGALPUR,10,192,1604,4015965,2174073,1841892,745873,BHAGALPUR,0.88,0.78,1,0.71,0.8425
2019,JHARKHAND,DHANBAD,20,325,1172,1624115,836051,788064,430778,DHANBAD,0.88,0.78,1,0.67,0.8325
2019,JHARKHAND,HAZARIBAGH,20,332,1324,1874469,972653,901816,377418,HAZARIBAG,0.88,0.78,1,0.71,0.8425
2019,JHARKHAND,RANCHI,20,339,1325,2058341,1052088,1006253,431511,RANCHI,0.88,0.78,1,0.71,0.8425
2019,ODISHA,CUTTACK,21,350,2058,2141242,1112988,1028254,487304,CUTTACK,0.88,0.78,1,0.71,0.8425
2019,ODISHA,GAJAPATI,21,353,1546,557090,274636,282454,123801,GAJAPATI,0.88,0.89,1,0.67,0.86
2019,ODISHA,GANJAM,21,354,2887,3249253,1672445,1576808,710217,GANJAM,0.88,0.78,1,0.71,0.8425
2019,ODISHA,JAJAPUR,21,356,1655,1807627,927909,879718,417461,JAJPUR,0.88,0.78,1,0.71,0.8425
2019,ODISHA,KENDUJHAR,21,361,2087,1659500,846068,813432,379828,KENDUJHAR,0.88,0.78,1,0.67,0.8325
2019,ODISHA,SONEPUR,21,372,963,613003,315719,297284,151301,SUBARNAPUR,0.88,0.89,1,0.71,0.87
2019,MADHYA PRADESH,BHIND,23,395,910,1569061,865971,703090,268229,BHIND,0.88,0.78,1,0.67,0.8325
2019,MADHYA PRADESH,RAISEN,23,421,1461,1187561,638498,549063,260484,RAISEN,0.88,0.78,1,0.62,0.82
2019,KARNATAKA,CHAMARAJANAGAR,29,531,906,1030896,531585,499311,248626,CHAMARAJNAGAR,0.88,0.78,1,0.67,0.8325
2019,KARNATAKA,HASSAN,29,539,2652,1660251,844620,815631,434009,HASSAN,0.88,0.78,1,0.71,0.8425
2019,UTTAR PRADESH,BASTI,9,131,3136,2770731,1461174,1309557,442439,BASTI,0.88,0.89,1,0.76,0.8825
2019,UTTAR PRADESH,DEORIA,9,137,2156,3392780,1726087,1666693,550834,DEORIA,0.88,0.78,1,0.76,0.855
2019,UTTAR PRADESH,SANT KABEER NAGAR,9,178,1746,2083563,1088333,995230,354776,SANT KABIR NAGAR,0.88,0.89,1,0.76,0.8825
2019,UTTAR PRADESH,SIDDHARTH NAGAR,9,182,2534,3042816,1602941,1439875,456624,SIDDHARTHNAGAR,0.88,0.89,1,0.76,0.8825
2019,UTTAR PRADESH,UNNAO,9,186,1794,3228605,1741440,1487165,603756,UNNAO,0.88,0.78,1,0.76,0.855
2019,ASSAM,DHEMAJI,18,284,2244,910099,469698,440401,188777,DHEMAJI,0.88,0.89,1,0.76,0.8825
2019,ASSAM,LAKHIMPUR,18,295,1180,1144178,588071,556107,241261,LAKHIMPUR,0.88,0.78,1,0.76,0.855
2019,WEST BENGAL,DINAJPUR DAKSHIN,19,310,1608,1691985,883245,808740,402668,DAKSHIN DINAJPUR,0.88,0.89,1,0.76,0.8825
2019,JHARKHAND,GODDA,20,330,1768,1438121,767927,670194,351399,GODDA,0.88,0.89,1,0.71,0.87
2019,ODISHA,ANUGUL,21,344,1705,1195934,619813,576121,277372,ANGUL,0.88,0.78,1,0.76,0.855
2019,ODISHA,BALESHWAR,21,346,2557,2153977,1117472,1036505,498802,BALASORE,0.88,0.78,1,0.76,0.855
2019,ODISHA,BARGARH,21,347,1181,1435671,737811,697860,363360,BARGARH,0.88,0.78,1,0.71,0.8425
2019,ODISHA,BHADRAK,21,348,1282,1551325,818735,732590,323266,BHADRAK,0.88,0.78,1,0.76,0.855
2019,ODISHA,DEOGARH,21,351,737,324330,165095,159235,78770,DEBAGARH,0.88,0.89,1,0.76,0.8825
2019,ODISHA,KORAPUT,21,363,2003,1200171,598622,601549,318288,KORAPUT,0.88,0.78,1,0.71,0.8425
2019,ODISHA,MAYURBHANJ,21,365,3748,2457147,1232945,1224202,570414,MAYURBHANJ,0.88,0.78,1,0.71,0.8425
2019,ODISHA,SUNDARGARH,21,373,1769,1491436,758822,732614,372119,SUNDARGARH,0.88,0.78,1,0.71,0.8425
2019,MADHYA PRADESH,DINDORI,23,404,912,769694,389313,380381,207723,DINDORI,0.88,0.78,1,0.67,0.8325
2019,MADHYA PRADESH,GUNA,23,406,1276,1071616,567775,503841,236173,GUNA,0.88,0.78,1,0.71,0.8425
2019,MADHYA PRADESH,RAJGARH,23,422,1676,1439611,756746,682865,330943,RAJGARH,0.88,0.78,1,0.71,0.8425
2019,KARNATAKA,CHIKBALLAPUR,29,630,1761,1116512,576133,540379,262573,CHIKKABALLAPUR,0.88,0.89,1,0.71,0.87
2019,UTTAR PRADESH,GHAZIPUR,9,146,2733,3990218,2087581,1902637,661443,GHAZIPUR,0.88,0.78,1,0.81,0.8675
2019,UTTAR PRADESH,SHAHJAHANPUR,9,180,2430,3080594,1679654,1400940,570542,SHAHJAHANPUR,0.88,0.78,1,0.76,0.855
2019,ARUNACHAL PRADESH,LOWER DIBANG VALLEY,12,235,263,48379,24610,23769,10295,LOWER DIBANG VALLEY,0.88,1,1,0.81,0.9225
2019,ASSAM,KARBI ANGLONG,18,292,1797,518960,262257,256703,100010,EAST KARBI ANGLONG,0.88,0.89,1,0.81,0.895
2019,JHARKHAND,CHATRA,20,323,1391,1214875,634588,580287,307685,CHATRA,0.88,0.78,1,0.76,0.855
2019,JHARKHAND,EAST SINGHBUM,20,327,1842,1612996,829108,783888,363886,EAST SINGHBHUM,0.88,0.89,1,0.81,0.895
2019,JHARKHAND,GIRIDIH,20,329,2692,2778537,1481986,1296551,581541,GIRIDIH,0.88,0.78,1,0.76,0.855
2019,JHARKHAND,PALAMU,20,338,1803,1832849,969329,863520,558503,PALAMU,0.88,0.78,1,0.76,0.855
2019,JHARKHAND,SARAIKELA KHARSAWAN,20,341,1152,907164,460492,446672,198270,SERAIKELA KHARSAWAN,0.88,0.78,1,0.76,0.855
2019,JHARKHAND,WEST SINGHBHUM,20,343,1514,1411206,708054,703152,306169,WEST SINGHBHUM,0.88,0.89,1,0.81,0.895
2019,ODISHA,BALANGIR,21,345,1777,1584446,807604,776842,425881,BALANGIR,0.88,0.78,1,0.76,0.855
2019,HIMACHAL PRADESH,KINNAUR,2,19,610,98754,50171,48583,26092,KINNAUR,0.88,1,1,0.81,0.9225
2019,JHARKHAND,DEOGHAR,20,324,2662,1424636,752511,672125,258033,DEOGHAR,0.88,0.89,1,0.81,0.895
2019,JHARKHAND,DUMKA,20,326,2675,1378018,703658,674360,311022,DUMKA,0.88,0.89,1,0.81,0.895
2019,ODISHA,KALAHANDI,21,358,2233,1572509,792522,779987,415968,KALAHANDI,0.88,0.78,1,0.81,0.8675
2019,ODISHA,KANDHAMAL,21,359,2598,710387,353632,356755,175863,KANDHAMAL,1,0.89,1,0.76,0.9125
2019,ODISHA,RAYAGADA,21,370,2592,958165,479882,478283,222845,RAYAGADA,1,0.89,1,0.76,0.9125
2019,CHHATTISGARH,BIJAPUR,22,636,583,260791,137164,123627,54957,BIJAPUR,1,0.89,1,0.95,0.96
2019,JHARKHAND,JAMTARA,20,333,1110,795356,409711,385645,165913,JAMTARA,0.88,0.78,1,0.86,0.88
2019,JHARKHAND,PAKUR,20,337,1185,958816,490410,468406,207149,PAKUR,0.88,0.89,1,0.86,0.9075
2019,JHARKHAND,SAHEBGANJ,20,340,1834,1325116,676355,648761,299832,SAHIBGANJ,0.88,0.89,1,0.86,0.9075
2019,WEST BENGAL,24 PARAGANAS SOUTH,19,304,2154,8950488,4692878,4257610,1873011,SOUTH 24 PARGANAS,0.5,0.67,0.88,0.52,0.6425
